Type Of Operation,Duration of the Operation,Age,Quantity of Oxygen Consumed
1,3.54,20,53.1
2,5.45,21,81.75
1,6.32,22,94.8
2,2.28,23,34.2
3,1.3,24,19.5
4,4.4,25,66
5,9.3,26,139.5
4,10.08,27,151.2
2,2.28,28,34.2
4,4.4,29,66
1,8.55,30,128.25
3,9.3,31,139.5
2,3.54,32,53.1
3,3.54,33,53.1
4,5.45,34,81.75
5,6.32,35,94.8
4,2.28,36,34.2
2,1.3,37,19.5
4,4.4,38,66
1,9.3,39,139.5
3,10.08,40,151.2
3,2.28,41,34.2
3,4.4,42,66
3,8.55,43,128.25
3,9.3,44,139.5
3,3.54,45,53.1
3,5.45,46,81.75
3,6.32,47,94.8
2,2.28,48,34.2
4,1.3,49,19.5
4,4.4,50,66
3,9.3,51,139.5
3,10.08,52,151.2
3,2.28,53,34.2
3,4.4,54,66
4,8.55,55,128.25
3,9.3,56,139.5
3,3.54,57,53.1
5,5.45,58,81.75
3,6.32,59,94.8
4,2.28,60,34.2
2,1.3,61,19.5
3,4.4,62,66
4,9.3,63,139.5
4,10.08,64,151.2
3,2.28,65,34.2
2,4.4,66,66
3,8.55,67,128.25
4,9.3,68,139.5
3,3.54,69,53.1
3,3.54,70,53.1
3,5.45,71,81.75
3,6.32,72,94.8
3,2.28,73,34.2
3,1.3,74,19.5
2,4.4,75,66
1,9.3,76,139.5
4,10.08,77,151.2
3,2.28,78,34.2
4,4.4,79,66
3,8.55,80,128.25
3,9.3,81,139.5
4,3.54,82,53.1
4,5.45,83,81.75
4,6.32,84,94.8
2,2.28,85,34.2
3,1.3,86,19.5
4,4.4,87,66
3,9.3,88,139.5
2,10.08,89,151.2
4,2.28,90,34.2
3,4.4,20,66
3,8.55,21,128.25
3,9.3,22,139.5
3,3.54,23,53.1
2,5.45,24,81.75
4,6.32,25,94.8
4,2.28,26,34.2
3,1.3,27,19.5
3,4.4,28,66
3,9.3,29,139.5
3,10.08,30,151.2
4,2.28,31,34.2
3,4.4,32,66
3,8.55,33,128.25
5,9.3,34,139.5
3,3.54,35,53.1
4,3.54,36,53.1
2,5.45,37,81.75
3,6.32,38,94.8
4,2.28,39,34.2
4,1.3,40,19.5
3,4.4,41,66
2,9.3,42,139.5
3,10.08,43,151.2
4,2.28,44,34.2
3,4.4,45,66
3,8.55,46,128.25
3,9.3,47,139.5
3,3.54,48,53.1
3,5.45,49,81.75
3,6.32,50,94.8
2,2.28,51,34.2
1,1.3,52,19.5
4,4.4,53,66
3,9.3,54,139.5
4,10.08,55,151.2
3,2.28,56,34.2
3,4.4,57,66
4,8.55,58,128.25
4,9.3,59,139.5
4,3.54,60,53.1
2,5.45,61,81.75
3,6.32,62,94.8
4,2.28,63,34.2
3,1.3,64,19.5
2,4.4,65,66
4,9.3,66,139.5
3,10.08,67,151.2
1,2.28,68,34.2
2,4.4,69,66
3,8.55,70,128.25
4,9.3,71,139.5
5,3.54,72,53.1
4,3.54,73,53.1
2,5.45,74,81.75
4,6.32,75,94.8
1,2.28,76,34.2
3,1.3,77,19.5
2,4.4,78,66
3,9.3,79,139.5
4,10.08,80,151.2
5,2.28,81,34.2
4,4.4,82,66
2,8.55,83,128.25
4,9.3,84,139.5
1,3.54,85,53.1
3,5.45,86,81.75
3,6.32,87,94.8
3,2.28,88,34.2
3,1.3,89,19.5
3,4.4,90,66
3,9.3,20,139.5
3,10.08,21,151.2
3,2.28,22,34.2
2,4.4,23,66
4,8.55,24,128.25
4,9.3,25,139.5
3,3.54,26,53.1
3,5.45,27,81.75
3,6.32,28,94.8
3,2.28,29,34.2
4,1.3,30,19.5
3,4.4,31,66
3,9.3,32,139.5
5,10.08,33,151.2
3,2.28,34,34.2
4,4.4,35,66
2,8.55,36,128.25
3,9.3,37,139.5
4,3.54,38,53.1
4,3.54,39,53.1
3,5.45,40,81.75
2,6.32,41,94.8
3,2.28,42,34.2
4,1.3,43,19.5
3,4.4,44,62.8
3,9.3,45,139.5
3,10.08,46,151.2
3,2.28,47,34.2
3,4.4,48,66
3,8.55,49,128.25
2,9.3,50,139.5
1,3.54,51,53.1
4,5.45,52,81.75
3,6.32,53,94.8
4,2.28,54,34.2
3,1.3,55,19.5
3,4.4,56,66
4,9.3,57,139.5
4,10.08,58,151.2
4,2.28,59,34.2
2,4.4,60,66
3,8.55,61,128.25
4,9.3,62,139.5
3,3.54,63,53.1
2,5.45,64,81.75
4,6.32,65,94.8
3,2.28,66,34.2
3,1.3,67,19.5
3,4.4,68,66
3,9.3,69,139.5
2,10.08,70,151.2
4,2.28,71,34.2
4,4.4,72,66
3,8.55,73,128.25
3,9.3,74,139.5
3,3.54,75,53.1
3,3.54,76,53.1
4,5.45,77,81.75
3,6.32,78,94.8
3,2.28,79,34.2
5,1.3,80,19.5
3,4.4,81,66
4,9.3,82,139.5
2,10.08,83,151.2
3,2.28,84,34.2
4,4.4,85,66
4,8.55,86,128.25
3,9.3,87,139.5
2,3.54,88,53.1
3,5.45,89,81.75
4,6.32,90,94.8
3,2.28,20,34.2
3,1.3,21,19.5
3,4.4,22,66
3,9.3,23,139.5
3,10.08,24,151.2
3,2.28,25,34.2
2,4.4,26,66
1,8.55,27,128.25
4,9.3,28,139.5
3,3.54,29,53.1
4,5.45,30,81.75
3,6.32,31,94.8
3,2.28,32,34.2
4,1.3,33,19.5
4,4.4,34,66
4,9.3,35,139.5
2,10.08,36,151.2
3,2.28,37,34.2
4,4.4,38,66
3,8.55,39,128.25
2,9.3,40,139.5
4,3.54,41,53.1
3,3.54,42,53.1
1,5.45,43,81.75
2,6.32,44,94.8
3,2.28,45,34.2
4,1.3,46,19.5
5,4.4,47,66
4,9.3,48,139.5
2,10.08,49,151.2
4,2.28,50,34.2
1,4.4,51,66
3,8.55,52,128.25
2,9.3,53,139.5
3,3.54,54,53.1
4,5.45,55,81.75
5,6.32,56,94.8
4,2.28,57,34.2
2,1.3,58,19.5
4,4.4,59,66
1,9.3,60,139.5
3,10.08,61,151.2
3,2.28,62,34.2
3,4.4,63,66
3,8.55,64,128.25
3,9.3,65,139.5
3,3.54,66,53.1
3,5.45,67,81.75
3,6.32,68,94.8
2,2.28,69,34.2
4,1.3,70,19.5
4,4.4,71,66
3,9.3,72,139.5
3,10.08,73,151.2
3,2.28,74,34.2
3,4.4,75,66
4,8.55,76,128.25
3,9.3,77,139.5
3,3.54,78,53.1
5,3.54,79,53.1
3,5.45,80,81.75
4,6.32,81,94.8
2,2.28,82,34.2
3,1.3,83,19.5
4,4.4,84,66
4,9.3,85,139.5
3,10.08,86,151.2
2,2.28,87,34.2
3,4.4,88,66
4,8.55,89,128.25
3,9.3,90,139.5
3,3.54,20,53.1
3,5.45,21,81.75
3,6.32,22,94.8
3,2.28,23,34.2
3,1.3,24,19.5
2,4.4,25,66
1,9.3,26,139.5
4,10.08,27,151.2
3,2.28,28,34.2
4,4.4,29,66
3,8.55,30,139.5
3,9.3,31,151.2
4,3.54,32,34.2
4,5.45,33,66
4,6.32,34,128.25
2,2.28,35,139.5
3,1.3,36,53.1
4,4.4,37,53.1
3,9.3,38,81.75
2,10.08,39,94.8
4,2.28,40,34.2
3,4.4,41,19.5
3,8.55,42,66
3,9.3,43,139.5
3,3.54,44,151.2
2,3.54,45,34.2
4,5.45,46,66
4,6.32,47,128.25
3,2.28,48,139.5
3,1.3,49,53.1
3,4.4,50,81.75
3,9.3,51,94.8
4,10.08,52,34.2
3,2.28,53,19.5
3,4.4,54,66
5,8.55,55,139.5
3,9.3,56,151.2
4,3.54,57,34.2
2,5.45,58,66
3,6.32,59,128.25
4,2.28,60,139.5
4,1.3,61,53.1
3,4.4,62,81.75
2,9.3,63,94.8
3,10.08,64,34.2
4,2.28,65,19.5
3,4.4,66,66
3,8.55,67,139.5
3,9.3,68,151.2
3,3.54,69,34.2
3,5.45,70,66
3,6.32,71,128.25
2,2.28,72,139.5
1,1.3,73,53.1
4,4.4,74,53.1
3,9.3,75,81.75
4,10.08,76,94.8
3,2.28,77,34.2
3,4.4,78,19.5
4,8.55,79,66
4,9.3,80,139.5
4,3.54,81,151.2
2,3.54,82,34.2
3,5.45,83,66
4,6.32,84,128.25
3,2.28,85,139.5
2,1.3,86,53.1
4,4.4,87,81.75
3,9.3,88,94.8
1,10.08,89,34.2
2,2.28,90,19.5
1,4.4,20,66
2,8.55,21,139.5
3,9.3,22,151.2
4,3.54,23,34.2
5,5.45,24,66
4,6.32,25,128.25
2,2.28,26,139.5
4,1.3,27,53.1
1,4.4,28,81.75
3,9.3,29,94.8
2,10.08,30,34.2
3,2.28,31,19.5
4,4.4,32,66
5,8.55,33,139.5
4,9.3,34,151.2
2,3.54,35,34.2
4,5.45,36,66
1,6.32,37,128.25
3,2.28,38,139.5
3,1.3,39,53.1
3,4.4,40,53.1
3,9.3,41,81.75
3,10.08,42,94.8
3,2.28,43,34.2
3,4.4,44,19.5
3,8.55,45,66
2,9.3,46,139.5
4,3.54,47,151.2
4,3.54,48,34.2
3,5.45,49,66
3,6.32,50,128.25
3,2.28,51,139.5
3,1.3,52,53.1
4,4.4,53,81.75
3,9.3,54,94.8
3,10.08,55,34.2
5,2.28,56,19.5
3,4.4,57,66
4,8.55,58,139.5
2,9.3,59,151.2
3,3.54,60,34.2
4,5.45,61,66
4,6.32,62,128.25
3,2.28,63,139.5
2,1.3,64,53.1
3,4.4,65,81.75
4,9.3,66,94.8
3,10.08,67,34.2
3,2.28,68,34.2
3,4.4,69,66
3,8.55,70,128.25
3,9.3,71,139.5
3,3.54,72,53.1
2,5.45,73,81.75
1,6.32,74,94.8
4,2.28,75,34.2
3,1.3,76,19.5
4,4.4,77,66
3,9.3,78,139.5
3,10.08,79,151.2
4,2.28,80,34.2
4,4.4,81,66
4,8.55,82,128.25
2,9.3,83,139.5
3,3.54,84,53.1
4,3.54,85,53.1
3,5.45,86,81.75
2,6.32,87,94.8
4,2.28,88,34.2
3,1.3,89,19.5
3,4.4,90,66
3,9.3,20,139.5
3,10.08,21,151.2
2,2.28,22,34.2
4,4.4,23,66
4,8.55,24,128.25
3,9.3,25,139.5
3,3.54,26,53.1
3,5.45,27,81.75
3,6.32,28,94.8
4,2.28,29,34.2
3,1.3,30,19.5
3,4.4,31,66
5,9.3,32,139.5
3,10.08,33,151.2
4,2.28,34,34.2
2,4.4,35,66
3,8.55,36,128.25
4,9.3,37,139.5
4,3.54,38,53.1
3,5.45,39,81.75
2,6.32,40,94.8
3,2.28,41,34.2
4,1.3,42,19.5
3,4.4,43,66
3,9.3,44,139.5
3,10.08,45,151.2
3,2.28,46,34.2
3,4.4,47,66
3,8.55,48,128.25
2,9.3,49,139.5
1,3.54,50,53.1
4,3.54,51,53.1
3,5.45,52,81.75
4,6.32,53,94.8
3,2.28,54,34.2
3,1.3,55,19.5
4,4.4,56,66
4,9.3,57,139.5
4,10.08,58,151.2
2,2.28,59,34.2
3,4.4,60,66
4,8.55,61,128.25
3,9.3,62,139.5
2,3.54,63,53.1
4,5.45,64,81.75
3,6.32,65,94.8
1,2.28,66,34.2
2,1.3,67,19.5
3,4.4,68,66
4,9.3,69,139.5
5,10.08,70,151.2
4,2.28,71,34.2
2,4.4,72,66
4,8.55,73,128.25
1,9.3,74,139.5
3,3.54,75,53.1
2,5.45,76,81.75
3,6.32,77,94.8
4,2.28,78,34.2
5,1.3,79,19.5
4,4.4,80,66
2,9.3,81,139.5
4,10.08,82,151.2
1,2.28,83,34.2
3,4.4,84,66
3,8.55,85,128.25
3,9.3,86,139.5
3,3.54,87,53.1
3,3.54,88,53.1
3,5.45,89,81.75
3,6.32,90,94.8
3,2.28,20,34.2
2,1.3,21,19.5
4,4.4,22,66
4,9.3,23,139.5
3,10.08,24,151.2
3,2.28,25,34.2
3,4.4,26,66
3,8.55,27,128.25
4,9.3,28,139.5
3,3.54,29,53.1
3,5.45,30,81.75
5,6.32,31,94.8
3,2.28,32,34.2
4,1.3,33,19.5
2,4.4,34,66
3,9.3,35,139.5
4,10.08,36,151.2
4,2.28,37,34.2
3,4.4,38,66
2,8.55,39,128.25
3,9.3,40,139.5
4,3.54,41,53.1
3,5.45,42,81.75
3,6.32,43,94.8
3,2.28,44,34.2
3,1.3,45,19.5
3,4.4,46,66
3,9.3,47,139.5
2,10.08,48,151.2
1,2.28,49,34.2
4,4.4,50,66
3,8.55,51,128.25
4,9.3,52,139.5
3,3.54,53,53.1
3,3.54,54,53.1
4,5.45,55,81.75
4,6.32,56,94.8
4,2.28,57,34.2
2,1.3,58,19.5
3,4.4,59,66
4,9.3,60,139.5
3,10.08,61,151.2
2,2.28,62,34.2
4,4.4,63,66
3,8.55,64,128.25
3,9.3,65,139.5
3,3.54,66,53.1
3,5.45,67,81.75
2,6.32,68,94.8
4,2.28,69,34.2
4,1.3,70,19.5
3,4.4,71,66
3,9.3,72,139.5
3,10.08,73,151.2
3,2.28,74,34.2
4,4.4,75,66
3,8.55,76,128.25
3,9.3,77,139.5
5,3.54,78,53.1
3,5.45,79,81.75
4,6.32,80,94.8
2,2.28,81,34.2
3,1.3,82,19.5
4,4.4,83,66
4,9.3,84,139.5
3,10.08,85,151.2
2,2.28,86,34.2
3,4.4,87,66
4,8.55,88,128.25
3,9.3,89,139.5
3,3.54,90,53.1
3,3.54,20,53.1
3,5.45,21,81.75
3,6.32,22,94.8
3,2.28,23,34.2
2,1.3,24,19.5
1,4.4,25,66
4,9.3,26,139.5
3,10.08,27,151.2
4,2.28,28,34.2
3,4.4,29,66
3,8.55,30,128.25
4,9.3,31,139.5
4,3.54,32,53.1
4,5.45,33,81.75
2,6.32,34,94.8
3,2.28,35,34.2
4,1.3,36,19.5
3,4.4,37,66
2,9.3,38,139.5
4,10.08,39,151.2
3,2.28,40,34.2
1,4.4,41,66
2,8.55,42,128.25
3,9.3,43,139.5
4,3.54,44,53.1
5,5.45,45,81.75
4,6.32,46,94.8
2,2.28,47,34.2
4,1.3,48,19.5
1,4.4,49,66
3,9.3,50,139.5
2,10.08,51,151.2
3,2.28,52,34.2
4,4.4,53,66
5,8.55,54,128.25
4,9.3,55,139.5
2,3.54,56,53.1
4,3.54,57,53.1
1,5.45,58,81.75
3,6.32,59,94.8
3,2.28,60,34.2
3,1.3,61,19.5
3,4.4,62,66
3,9.3,63,139.5
3,10.08,64,151.2
3,2.28,65,34.2
3,4.4,66,66
2,8.55,67,128.25
4,9.3,68,139.5
4,3.54,69,53.1
3,5.45,70,81.75
3,6.32,71,94.8
3,2.28,72,34.2
3,1.3,73,19.5
4,4.4,74,66
3,9.3,75,139.5
3,10.08,76,151.2
5,2.28,77,34.2
3,4.4,78,66
4,8.55,79,128.25
2,9.3,80,139.5
3,3.54,81,53.1
4,5.45,82,81.75
4,6.32,83,94.8
3,2.28,84,34.2
2,1.3,85,19.5
3,4.4,86,66
4,9.3,87,139.5
3,10.08,88,151.2
3,2.28,89,34.2
3,4.4,90,66
3,8.55,20,128.25
3,9.3,21,139.5
3,3.54,22,53.1
2,3.54,23,53.1
1,5.45,24,81.75
4,6.32,25,94.8
3,2.28,26,34.2
4,1.3,27,19.5
3,4.4,28,66
3,9.3,29,139.5
4,10.08,30,151.2
4,2.28,31,34.2
4,4.4,32,66
2,8.55,33,128.25
3,9.3,34,139.5
4,3.54,35,53.1
3,5.45,36,81.75
2,6.32,37,94.8
4,2.28,38,34.2
3,1.3,39,19.5
3,4.4,40,66
3,9.3,41,139.5
3,10.08,42,151.2
2,2.28,43,34.2
4,4.4,44,66
4,8.55,45,128.25
3,9.3,46,139.5
3,3.54,47,53.1
3,5.45,48,81.75
3,6.32,49,94.8
4,2.28,50,34.2
3,1.3,51,19.5
3,4.4,52,66
5,9.3,53,139.5
3,10.08,54,151.2
4,2.28,55,34.2
2,4.4,56,66
3,8.55,57,128.25
4,9.3,58,139.5
4,3.54,59,53.1
3,3.54,60,53.1
2,5.45,61,81.75
3,6.32,62,94.8
4,2.28,63,34.2
3,1.3,64,19.5
3,4.4,65,66
3,9.3,66,139.5
3,10.08,67,151.2
3,2.28,68,34.2
3,4.4,69,66
2,8.55,70,128.25
1,9.3,71,139.5
4,3.54,72,53.1
3,5.45,73,81.75
4,6.32,74,94.8
3,2.28,75,34.2
3,1.3,76,19.5
4,4.4,77,66
4,9.3,78,139.5
4,10.08,79,151.2
2,2.28,80,34.2
3,4.4,81,66
4,8.55,82,128.25
3,9.3,83,139.5
2,3.54,84,53.1
4,5.45,85,81.75
3,6.32,86,94.8
1,2.28,87,34.2
2,1.3,88,19.5
1,4.4,89,66
2,9.3,90,139.5
3,10.08,20,151.2
4,2.28,21,34.2
5,4.4,22,66
4,8.55,23,128.25
2,9.3,24,139.5
4,3.54,25,53.1
1,3.54,26,53.1
3,5.45,27,81.75
2,6.32,28,94.8
3,2.28,29,34.2
4,1.3,30,19.5
5,4.4,31,66
4,9.3,32,139.5
2,10.08,33,151.2
4,2.28,34,34.2
1,4.4,35,66
3,8.55,36,128.25
3,9.3,37,139.5
3,3.54,38,53.1
3,5.45,39,81.75
3,6.32,40,94.8
3,2.28,41,34.2
3,1.3,42,19.5
3,4.4,43,66
2,9.3,44,139.5
4,10.08,45,151.2
4,2.28,46,34.2
3,4.4,47,66
3,8.55,48,128.25
3,9.3,49,139.5
3,3.54,50,53.1
4,5.45,51,81.75
3,6.32,52,94.8
3,2.28,53,34.2
5,1.3,54,19.5
3,4.4,55,66
4,9.3,56,139.5
2,10.08,57,151.2
3,2.28,58,34.2
4,4.4,59,66
4,8.55,60,128.25
3,9.3,61,139.5
2,3.54,62,53.1
3,3.54,63,53.1
4,5.45,64,81.75
3,6.32,65,94.8
3,2.28,66,34.2
3,1.3,67,19.5
3,4.4,68,66
3,9.3,69,139.5
3,10.08,70,151.2
2,2.28,71,34.2
1,4.4,72,66
4,8.55,73,128.25
3,9.3,74,139.5
4,3.54,75,53.1
3,5.45,76,81.75
3,6.32,77,94.8
4,2.28,78,34.2
4,1.3,79,19.5
4,4.4,80,66
2,9.3,81,139.5
3,10.08,82,151.2
4,2.28,83,34.2
3,4.4,84,66
2,8.55,85,128.25
4,9.3,86,139.5
3,3.54,87,53.1
3,5.45,88,81.75
3,6.32,89,94.8
3,2.28,90,34.2
2,1.3,20,19.5
4,4.4,21,66
4,9.3,22,139.5
3,10.08,23,151.2
3,2.28,24,34.2
3,4.4,25,66
3,8.55,26,128.25
4,9.3,27,139.5
3,3.54,28,53.1
3,3.54,29,53.1
5,5.45,30,81.75
3,6.32,31,94.8
4,2.28,32,34.2
2,1.3,33,19.5
3,4.4,34,66
4,9.3,35,139.5
4,10.08,36,151.2
3,2.28,37,34.2
2,4.4,38,66
3,8.55,39,128.25
4,9.3,40,139.5
3,3.54,41,53.1
3,5.45,42,81.75
3,6.32,43,94.8
3,2.28,44,34.2
3,1.3,45,19.5
3,4.4,46,66
2,9.3,47,139.5
1,10.08,48,151.2
4,2.28,49,34.2
3,4.4,50,66
4,8.55,51,128.25
3,9.3,52,139.5
3,3.54,53,53.1
4,5.45,54,81.75
4,6.32,55,94.8
4,2.28,56,34.2
2,1.3,57,19.5
3,4.4,58,66
4,9.3,59,139.5
3,10.08,60,151.2
2,2.28,61,34.2
4,4.4,62,66
3,8.55,63,128.25
1,9.3,64,139.5
2,3.54,65,53.1
3,3.54,66,53.1
4,5.45,67,81.75
5,6.32,68,94.8
4,2.28,69,34.2
2,1.3,70,19.5
4,4.4,71,66
1,9.3,72,139.5
3,10.08,73,151.2
2,2.28,74,34.2
3,4.4,75,66
4,8.55,76,128.25
5,9.3,77,139.5
4,3.54,78,53.1
2,5.45,79,81.75
4,6.32,80,94.8
1,2.28,81,34.2
3,1.3,82,19.5
3,4.4,83,66
3,9.3,84,139.5
3,10.08,85,151.2
3,2.28,86,34.2
3,4.4,87,66
3,8.55,88,128.25
3,9.3,89,139.5
2,3.54,90,53.1
4,5.45,20,81.75
4,6.32,21,94.8
3,2.28,22,34.2
3,1.3,23,19.5
3,4.4,24,66
3,9.3,25,139.5
4,10.08,26,151.2
3,2.28,27,34.2
3,4.4,28,66
5,8.55,29,128.25
3,9.3,30,139.5
4,3.54,31,53.1
2,3.54,32,53.1
3,5.45,33,81.75
4,6.32,34,94.8
4,2.28,35,34.2
3,1.3,36,19.5
2,4.4,37,66
3,9.3,38,139.5
4,10.08,39,151.2
3,2.28,40,34.2
3,4.4,41,66
3,8.55,42,128.25
3,9.3,43,139.5
3,3.54,44,53.1
3,5.45,45,81.75
2,6.32,46,94.8
1,2.28,47,34.2
4,1.3,48,19.5
3,4.4,49,66
4,9.3,50,139.5
3,10.08,51,151.2
3,2.28,52,34.2
4,4.4,53,66
4,8.55,54,128.25
4,9.3,55,139.5
2,3.54,56,53.1
3,5.45,57,81.75
4,6.32,58,94.8
3,2.28,59,34.2
2,1.3,60,19.5
4,4.4,61,66
3,9.3,62,139.5
3,10.08,63,151.2
3,2.28,64,34.2
3,4.4,65,66
2,8.55,66,128.25
4,9.3,67,139.5
4,3.54,68,53.1
3,3.54,69,53.1
3,5.45,70,81.75
3,6.32,71,94.8
3,2.28,72,34.2
4,1.3,73,19.5
3,4.4,74,66
3,9.3,75,139.5
5,10.08,76,151.2
3,2.28,77,34.2
4,4.4,78,66
2,8.55,79,128.25
3,9.3,80,139.5
4,3.54,81,53.1
4,5.45,82,81.75
3,6.32,83,94.8
2,2.28,84,34.2
3,1.3,85,19.5
4,4.4,86,66
3,9.3,87,139.5
3,10.08,88,151.2
3,2.28,89,34.2
3,4.4,90,66
3,8.55,20,128.25
3,9.3,21,139.5
2,3.54,22,53.1
1,5.45,23,81.75
4,6.32,24,94.8
3,2.28,25,34.2
4,1.3,26,19.5
3,4.4,27,66
3,9.3,28,139.5
4,10.08,29,151.2
4,2.28,30,34.2
4,4.4,31,66
2,8.55,32,128.25
3,9.3,33,139.5
4,3.54,34,53.1
3,3.54,35,53.1
2,5.45,36,81.75
4,6.32,37,94.8
3,2.28,38,34.2
1,1.3,39,19.5
2,4.4,40,66
3,9.3,41,139.5
4,10.08,42,151.2
5,2.28,43,34.2
4,4.4,44,66
2,8.55,45,128.25
4,9.3,46,139.5
1,3.54,47,53.1
3,5.45,48,81.75
2,6.32,49,94.8
3,2.28,50,34.2
4,1.3,51,19.5
5,4.4,52,66
4,9.3,53,139.5
2,10.08,54,151.2
4,2.28,55,34.2
1,4.4,56,66
3,8.55,57,128.25
3,9.3,58,139.5
3,3.54,59,53.1
3,5.45,60,81.75
3,6.32,61,94.8
3,2.28,62,34.2
3,1.3,63,19.5
3,4.4,64,66
2,9.3,65,139.5
4,10.08,66,151.2
4,2.28,67,34.2
3,4.4,68,66
3,8.55,69,128.25
3,9.3,70,139.5
3,3.54,71,53.1
4,3.54,72,53.1
3,5.45,73,81.75
3,6.32,74,94.8
5,2.28,75,34.2
3,1.3,76,19.5
4,4.4,77,66
2,9.3,78,139.5
3,10.08,79,151.2
4,2.28,80,34.2
4,4.4,81,66
3,8.55,82,128.25
2,9.3,83,139.5
3,3.54,84,53.1
4,5.45,85,81.75
3,6.32,86,94.8
3,2.28,87,34.2
3,1.3,88,19.5
3,4.4,89,66
3,9.3,90,139.5
3,10.08,20,151.2
2,2.28,21,34.2
1,4.4,22,66
4,8.55,23,128.25
3,9.3,24,139.5
4,3.54,25,53.1
3,5.45,26,81.75
3,6.32,27,94.8
4,2.28,28,34.2
4,1.3,29,19.5
4,4.4,30,66
2,9.3,31,139.5
3,10.08,32,151.2
4,2.28,33,34.2
3,4.4,34,66
2,8.55,35,128.25
4,9.3,36,139.5
3,3.54,37,53.1
3,3.54,38,53.1
3,5.45,39,81.75
3,6.32,40,94.8
2,2.28,41,34.2
4,1.3,42,19.5
4,4.4,43,66
3,9.3,44,139.5
3,10.08,45,151.2
3,2.28,46,34.2
3,4.4,47,66
4,8.55,48,128.25
3,9.3,49,139.5
3,3.54,50,53.1
5,5.45,51,81.75
3,6.32,52,94.8
4,2.28,53,34.2
2,1.3,54,19.5
3,4.4,55,66
4,9.3,56,139.5
4,10.08,57,151.2
3,2.28,58,34.2
2,4.4,59,66
3,8.55,60,128.25
4,9.3,61,139.5
3,3.54,62,53.1
3,5.45,63,81.75
3,6.32,64,94.8
3,2.28,65,34.2
3,1.3,66,19.5
3,4.4,67,66
2,9.3,68,139.5
1,10.08,69,151.2
4,2.28,70,34.2
3,4.4,71,66
4,8.55,72,128.25
3,9.3,73,139.5
3,3.54,74,53.1
4,3.54,75,53.1
4,5.45,76,81.75
4,6.32,77,94.8
2,2.28,78,34.2
3,1.3,79,19.5
4,4.4,80,66
3,9.3,81,139.5
2,10.08,82,151.2
4,2.28,83,34.2
3,4.4,84,66
1,8.55,85,128.25
2,9.3,86,139.5
1,3.54,87,53.1
2,5.45,88,81.75
3,6.32,89,94.8
4,2.28,90,34.2
5,1.3,20,19.5
4,4.4,21,66
2,9.3,22,139.5
4,10.08,23,151.2
1,2.28,24,34.2
3,4.4,25,66
2,8.55,26,128.25
3,9.3,27,139.5
4,3.54,28,53.1
5,5.45,29,81.75
4,6.32,30,94.8
2,2.28,31,34.2
4,1.3,32,19.5
1,4.4,33,66
3,9.3,34,139.5
3,10.08,35,151.2
3,2.28,36,34.2
3,4.4,37,66
3,8.55,38,128.25
3,9.3,39,139.5
3,3.54,40,53.1
3,3.54,41,53.1
2,5.45,42,81.75
4,6.32,43,94.8
4,2.28,44,34.2
3,1.3,45,19.5
3,4.4,46,66
3,9.3,47,139.5
3,10.08,48,151.2
4,2.28,49,34.2
3,4.4,50,66
3,8.55,51,128.25
5,9.3,52,139.5
3,3.54,53,53.1
4,5.45,54,81.75
2,6.32,55,94.8
3,2.28,56,34.2
4,1.3,57,19.5
4,4.4,58,66
3,9.3,59,139.5
2,10.08,60,151.2
3,2.28,61,34.2
4,4.4,62,66
3,8.55,63,128.25
3,9.3,64,139.5
3,3.54,65,53.1
3,5.45,66,81.75
3,6.32,67,94.8
3,2.28,68,34.2
2,1.3,69,19.5
1,4.4,70,66
4,9.3,71,139.5
3,10.08,72,151.2
4,2.28,73,34.2
3,4.4,74,66
3,8.55,75,128.25
4,9.3,76,139.5
4,3.54,77,53.1
4,3.54,78,53.1
2,5.45,79,81.75
3,6.32,80,94.8
4,2.28,81,34.2
3,1.3,82,19.5
2,4.4,83,66
4,9.3,84,139.5
3,10.08,85,151.2
3,2.28,86,34.2
3,4.4,87,66
3,8.55,88,128.25
2,9.3,89,139.5
4,3.54,90,53.1
4,5.45,20,81.75
3,6.32,21,94.8
3,2.28,22,34.2
3,1.3,23,19.5
3,4.4,24,66
4,9.3,25,139.5
3,10.08,26,151.2
3,2.28,27,34.2
5,4.4,28,66
3,8.55,29,128.25
4,9.3,30,139.5
2,3.54,31,53.1
3,5.45,32,81.75
4,6.32,33,94.8
4,2.28,34,34.2
3,1.3,35,19.5
2,4.4,36,66
3,9.3,37,139.5
4,10.08,38,151.2
3,2.28,39,34.2
3,4.4,40,66
3,8.55,41,128.25
3,9.3,42,139.5
3,3.54,43,53.1
3,3.54,44,53.1
2,5.45,45,81.75
1,6.32,46,94.8
4,2.28,47,34.2
3,1.3,48,19.5
4,4.4,49,66
3,9.3,50,139.5
3,10.08,51,151.2
4,2.28,52,34.2
4,4.4,53,66
4,8.55,54,128.25
2,9.3,55,139.5
3,3.54,56,53.1
4,5.45,57,81.75
3,6.32,58,94.8
2,2.28,59,34.2
4,1.3,60,19.5
3,4.4,61,66
1,9.3,62,139.5
2,10.08,63,151.2
3,2.28,64,34.2
4,4.4,65,66
5,8.55,66,128.25
4,9.3,67,139.5
2,3.54,68,53.1
4,5.45,69,81.75
1,6.32,70,94.8
3,2.28,71,34.2
2,1.3,72,19.5
3,4.4,73,66
4,9.3,74,139.5
5,10.08,75,151.2
4,2.28,76,34.2
2,4.4,77,66
4,8.55,78,128.25
1,9.3,79,139.5
3,3.54,80,53.1
3,3.54,81,53.1
3,5.45,82,81.75
3,6.32,83,94.8
3,2.28,84,34.2
3,1.3,85,19.5
3,4.4,86,66
3,9.3,87,139.5
2,10.08,88,151.2
4,2.28,89,34.2
4,4.4,90,66
3,8.55,20,128.25
3,9.3,21,139.5
3,3.54,22,53.1
3,5.45,23,81.75
4,6.32,24,94.8
3,2.28,25,34.2
3,1.3,26,19.5
5,4.4,27,66
3,9.3,28,139.5
4,10.08,29,151.2
2,2.28,30,34.2
3,4.4,31,66
4,8.55,32,128.25
4,9.3,33,139.5
3,3.54,34,53.1
2,5.45,35,81.75
3,6.32,36,94.8
4,2.28,37,34.2
3,1.3,38,19.5
3,4.4,39,66
3,9.3,40,139.5
3,10.08,41,151.2
3,2.28,42,34.2
3,4.4,43,66
2,8.55,44,128.25
1,9.3,45,139.5
4,3.54,46,53.1
3,3.54,47,53.1
4,5.45,48,81.75
3,6.32,49,94.8
3,2.28,50,34.2
4,1.3,51,19.5
4,4.4,52,66
4,9.3,53,139.5
2,10.08,54,151.2
3,2.28,55,34.2
4,4.4,56,66
3,8.55,57,128.25
2,9.3,58,139.5
4,3.54,59,53.1
3,5.45,60,81.75
3,6.32,61,94.8
3,2.28,62,34.2
3,1.3,63,19.5
2,4.4,64,66
4,9.3,65,139.5
4,10.08,66,151.2
3,2.28,67,34.2
3,4.4,68,66
3,8.55,69,128.25
3,9.3,70,139.5
4,3.54,71,53.1
3,5.45,72,81.75
3,6.32,73,94.8
5,2.28,74,34.2
3,1.3,75,19.5
4,4.4,76,66
2,9.3,77,139.5
3,10.08,78,151.2
4,2.28,79,34.2
4,4.4,80,66
3,8.55,81,128.25
2,9.3,82,139.5
3,3.54,83,53.1
4,3.54,84,53.1
3,5.45,85,81.75
3,6.32,86,94.8
3,2.28,87,34.2
3,1.3,88,19.5
3,4.4,89,66
3,9.3,90,139.5
2,10.08,20,151.2
1,2.28,21,34.2
4,4.4,22,66
3,8.55,23,128.25
4,9.3,24,139.5
3,3.54,25,53.1
3,5.45,26,81.75
4,6.32,27,94.8
4,2.28,28,34.2
4,1.3,29,19.5
2,4.4,30,66
3,9.3,31,139.5
4,10.08,32,151.2
3,2.28,33,34.2
2,4.4,34,66
4,8.55,35,128.25
3,9.3,36,139.5
1,3.54,37,53.1
2,5.45,38,81.75
3,6.32,39,94.8
4,2.28,40,34.2
5,1.3,41,19.5
4,4.4,42,66
2,9.3,43,139.5
4,10.08,44,151.2
1,2.28,45,34.2
3,4.4,46,66
2,8.55,47,128.25
3,9.3,48,139.5
4,3.54,49,53.1
5,3.54,50,53.1
4,5.45,51,81.75
2,6.32,52,94.8
4,2.28,53,34.2
1,1.3,54,19.5
3,4.4,55,66
3,9.3,56,139.5
3,10.08,57,151.2
3,2.28,58,34.2
3,4.4,59,66
3,8.55,60,128.25
3,9.3,61,139.5
3,3.54,62,53.1
2,5.45,63,81.75
4,6.32,64,94.8
4,2.28,65,34.2
3,1.3,66,19.5
3,4.4,67,66
3,9.3,68,139.5
3,10.08,69,151.2
4,2.28,70,34.2
3,4.4,71,66
3,8.55,72,128.25
5,9.3,73,139.5
3,3.54,74,53.1
4,5.45,75,81.75
2,6.32,76,94.8
3,2.28,77,34.2
4,1.3,78,19.5
4,4.4,79,66
3,9.3,80,139.5
2,10.08,81,151.2
3,2.28,82,34.2
4,4.4,83,66
3,8.55,84,128.25
3,9.3,85,139.5
3,3.54,86,53.1
3,3.54,87,53.1
3,5.45,88,81.75
3,6.32,89,94.8
2,2.28,90,34.2
1,1.3,20,19.5
4,4.4,21,66
3,9.3,22,139.5
4,10.08,23,151.2
3,2.28,24,34.2
3,4.4,25,66
4,8.55,26,128.25
4,9.3,27,139.5
4,3.54,28,53.1
2,5.45,29,81.75
3,6.32,30,94.8
4,2.28,31,34.2
3,1.3,32,19.5
2,4.4,33,66
4,9.3,34,139.5
3,10.08,35,151.2
3,2.28,36,34.2
3,4.4,37,66
3,8.55,38,128.25
2,9.3,39,139.5
4,3.54,40,53.1
4,5.45,41,81.75
3,6.32,42,94.8
3,2.28,43,34.2
3,1.3,44,19.5
3,4.4,45,66
4,9.3,46,139.5
3,10.08,47,151.2
3,2.28,48,34.2
5,4.4,49,66
3,8.55,50,128.25
4,9.3,51,139.5
2,3.54,52,53.1
3,3.54,53,53.1
4,5.45,54,81.75
4,6.32,55,94.8
3,2.28,56,34.2
2,1.3,57,19.5
3,4.4,58,66
4,9.3,59,139.5
3,10.08,60,151.2
3,2.28,61,34.2
3,4.4,62,66
3,8.55,63,128.25
3,9.3,64,139.5
3,3.54,65,53.1
2,5.45,66,81.75
1,6.32,67,94.8
4,2.28,68,34.2
3,1.3,69,19.5
4,4.4,70,66
3,9.3,71,139.5
3,10.08,72,151.2
4,2.28,73,34.2
4,4.4,74,66
4,8.55,75,128.25
2,9.3,76,139.5
3,3.54,77,53.1
4,5.45,78,81.75
3,6.32,79,94.8
2,2.28,80,34.2
4,1.3,81,19.5
3,4.4,82,66
1,9.3,83,139.5
2,10.08,84,151.2
1,2.28,85,34.2
2,4.4,86,66
3,8.55,87,128.25
4,9.3,88,139.5
5,3.54,89,53.1
4,3.54,90,53.1
2,5.45,20,81.75
4,6.32,21,94.8
1,2.28,22,34.2
3,1.3,23,19.5
2,4.4,24,66
3,9.3,25,139.5
4,10.08,26,151.2
5,2.28,27,34.2
4,4.4,28,66
2,8.55,29,128.25
4,9.3,30,139.5
1,3.54,31,53.1
3,5.45,32,81.75
3,6.32,33,94.8
3,2.28,34,34.2
3,1.3,35,19.5
3,4.4,36,66
3,9.3,37,139.5
3,10.08,38,151.2
3,2.28,39,34.2
2,4.4,40,66
4,8.55,41,128.25
4,9.3,42,139.5
3,3.54,43,53.1
3,5.45,44,81.75
3,6.32,45,94.8
3,2.28,46,34.2
4,1.3,47,19.5
3,4.4,48,66
3,9.3,49,139.5
5,10.08,50,151.2
3,2.28,51,34.2
4,4.4,52,66
2,8.55,53,128.25
3,9.3,54,139.5
4,3.54,55,53.1
4,3.54,56,53.1
3,5.45,57,81.75
2,6.32,58,94.8
3,2.28,59,34.2
4,1.3,60,19.5
3,4.4,61,66
3,9.3,62,139.5
3,10.08,63,151.2
3,2.28,64,34.2
3,4.4,65,66
3,8.55,66,128.25
2,9.3,67,139.5
1,3.54,68,53.1
4,5.45,69,81.75
3,6.32,70,94.8
4,2.28,71,34.2
3,1.3,72,19.5
3,4.4,73,66
4,9.3,74,139.5
4,10.08,75,151.2
4,2.28,76,34.2
2,4.4,77,66
3,8.55,78,128.25
4,9.3,79,139.5
3,3.54,80,53.1
2,5.45,81,81.75
4,6.32,82,94.8
3,2.28,83,34.2
3,1.3,84,19.5
3,4.4,85,66
3,9.3,86,139.5
2,10.08,87,151.2
4,2.28,88,34.2
4,4.4,89,66
3,8.55,90,128.25
3,9.3,20,139.5
3,3.54,21,53.1
3,3.54,22,53.1
4,5.45,23,81.75
3,6.32,24,94.8
3,2.28,25,34.2
5,1.3,26,19.5
3,4.4,27,66
4,9.3,28,139.5
2,10.08,29,151.2
3,2.28,30,34.2
4,4.4,31,66
4,8.55,32,128.25
3,9.3,33,139.5
2,3.54,34,53.1
3,5.45,35,81.75
4,6.32,36,94.8
3,2.28,37,34.2
3,1.3,38,19.5
3,4.4,39,66
3,9.3,40,139.5
3,10.08,41,151.2
3,2.28,42,34.2
2,4.4,43,66
1,8.55,44,128.25
4,9.3,45,139.5
3,3.54,46,53.1
4,5.45,47,81.75
3,6.32,48,94.8
3,2.28,49,34.2
4,1.3,50,19.5
4,4.4,51,66
4,9.3,52,139.5
2,10.08,53,151.2
3,2.28,54,34.2
4,4.4,55,66
3,8.55,56,128.25
2,9.3,57,139.5
4,3.54,58,53.1
3,3.54,59,53.1
1,5.45,60,81.75
2,6.32,61,94.8
3,2.28,62,34.2
4,1.3,63,19.5
5,4.4,64,66
4,9.3,65,139.5
2,10.08,66,151.2
4,2.28,67,34.2
1,4.4,68,66
3,8.55,69,128.25
2,9.3,70,139.5
3,3.54,71,53.1
4,5.45,72,81.75
5,6.32,73,94.8
4,2.28,74,34.2
2,1.3,75,19.5
4,4.4,76,66
1,9.3,77,139.5
3,10.08,78,151.2
3,2.28,79,34.2
3,4.4,80,66
3,8.55,81,128.25
3,9.3,82,139.5
3,3.54,83,53.1
3,5.45,84,81.75
3,6.32,85,94.8
2,2.28,86,34.2
4,1.3,87,19.5
4,4.4,88,66
3,9.3,89,139.5
3,10.08,90,151.2
3,2.28,20,34.2
3,4.4,21,66
4,8.55,22,128.25
3,9.3,23,139.5
3,3.54,24,53.1
5,3.54,25,53.1
3,5.45,26,81.75
4,6.32,27,94.8
2,2.28,28,34.2
3,1.3,29,19.5
4,4.4,30,66
4,9.3,31,139.5
3,10.08,32,151.2
2,2.28,33,34.2
3,4.4,34,66
4,8.55,35,128.25
3,9.3,36,139.5
3,3.54,37,53.1
3,5.45,38,81.75
3,6.32,39,94.8
3,2.28,40,34.2
3,1.3,41,19.5
2,4.4,42,66
1,9.3,43,139.5
4,10.08,44,151.2
3,2.28,45,34.2
4,4.4,46,66
3,8.55,47,128.25
3,9.3,48,139.5
4,3.54,49,53.1
4,5.45,50,81.75
4,6.32,51,94.8
2,2.28,52,34.2
3,1.3,53,19.5
4,4.4,54,66
3,9.3,55,139.5
2,10.08,56,151.2
4,2.28,57,34.2
3,4.4,58,66
3,8.55,59,128.25
3,9.3,60,139.5
3,3.54,61,53.1
2,3.54,62,53.1
4,5.45,63,81.75
4,6.32,64,94.8
3,2.28,65,34.2
3,1.3,66,19.5
3,4.4,67,66
3,9.3,68,139.5
4,10.08,69,151.2
3,2.28,70,34.2
3,4.4,71,66
5,8.55,72,128.25
3,9.3,73,139.5
4,3.54,74,53.1
2,5.45,75,81.75
3,6.32,76,94.8
4,2.28,77,34.2
4,1.3,78,19.5
3,4.4,79,66
2,9.3,80,139.5
3,10.08,81,151.2
4,2.28,82,34.2
3,4.4,83,66
3,8.55,84,128.25
3,9.3,85,139.5
3,3.54,86,53.1
3,5.45,87,81.75
3,6.32,88,94.8
2,2.28,89,34.2
1,1.3,90,19.5
4,4.4,20,66
3,9.3,21,139.5
4,10.08,22,151.2
3,2.28,23,34.2
3,4.4,24,66
4,8.55,25,128.25
4,9.3,26,139.5
4,3.54,27,53.1
2,3.54,28,53.1
3,5.45,29,81.75
4,6.32,30,94.8
3,2.28,31,34.2
2,1.3,32,19.5
4,4.4,33,66
3,9.3,34,139.5
1,10.08,35,151.2
2,2.28,36,34.2
3,4.4,37,66
4,8.55,38,128.25
5,9.3,39,139.5
4,3.54,40,53.1
2,5.45,41,81.75
4,6.32,42,94.8
1,2.28,43,34.2
3,1.3,44,19.5
2,4.4,45,66
3,9.3,46,139.5
4,10.08,47,151.2
5,2.28,48,34.2
4,4.4,49,66
2,8.55,50,128.25
4,9.3,51,139.5
1,3.54,52,53.1
3,5.45,53,81.75
3,6.32,54,94.8
3,2.28,55,34.2
3,1.3,56,19.5
3,4.4,57,66
3,9.3,58,139.5
3,10.08,59,151.2
3,2.28,60,34.2
2,4.4,61,66
4,8.55,62,128.25
4,9.3,63,139.5
3,3.54,64,53.1
3,3.54,65,53.1
3,5.45,66,81.75
3,6.32,67,94.8
4,2.28,68,34.2
3,1.3,69,19.5
3,4.4,70,66
5,9.3,71,139.5
3,10.08,72,151.2
4,2.28,73,34.2
2,4.4,74,66
3,8.55,75,128.25
4,9.3,76,139.5
4,3.54,77,53.1
3,5.45,78,81.75
2,6.32,79,94.8
3,2.28,80,34.2
4,1.3,81,19.5
3,4.4,82,66
3,9.3,83,139.5
3,10.08,84,151.2
3,2.28,85,34.2
3,4.4,86,66
3,8.55,87,128.25
2,9.3,88,139.5
1,3.54,89,53.1
4,5.45,90,81.75
3,6.32,20,94.8
4,2.28,21,34.2
3,1.3,22,19.5
3,4.4,23,66
4,9.3,24,139.5
4,10.08,25,151.2
4,2.28,26,34.2
2,4.4,27,66
3,8.55,28,128.25
4,9.3,29,139.5
3,3.54,30,53.1
2,3.54,31,53.1
4,5.45,32,81.75
3,6.32,33,94.8
3,2.28,34,34.2
3,1.3,35,19.5
3,4.4,36,66
2,9.3,37,139.5
4,10.08,38,151.2
4,2.28,39,34.2
3,4.4,40,66
3,8.55,41,128.25
3,9.3,42,139.5
3,3.54,43,53.1
4,5.45,44,81.75
3,6.32,45,94.8
3,2.28,46,34.2
5,1.3,47,19.5
3,4.4,48,66
4,9.3,49,139.5
2,10.08,50,151.2
3,2.28,51,34.2
4,4.4,52,66
4,8.55,53,128.25
3,9.3,54,139.5
2,3.54,55,53.1
3,5.45,56,81.75
4,6.32,57,94.8
3,2.28,58,34.2
3,1.3,59,19.5
3,4.4,60,66
3,9.3,61,139.5
3,10.08,62,151.2
3,2.28,63,34.2
2,4.4,64,66
1,8.55,65,128.25
4,9.3,66,139.5
3,3.54,67,53.1
4,3.54,68,53.1
3,5.45,69,81.75
3,6.32,70,94.8
4,2.28,71,34.2
4,1.3,72,19.5
4,4.4,73,66
2,9.3,74,139.5
3,10.08,75,151.2
4,2.28,76,34.2
3,4.4,77,66
2,8.55,78,128.25
4,9.3,79,139.5
3,3.54,80,53.1
1,5.45,81,81.75
2,6.32,82,94.8
1,2.28,83,34.2
2,1.3,84,19.5
3,4.4,85,66
4,9.3,86,139.5
5,10.08,87,151.2
4,2.28,88,34.2
2,4.4,89,66
4,8.55,90,128.25
1,9.3,20,139.5
3,3.54,21,53.1
2,5.45,22,81.75
3,6.32,23,94.8
4,2.28,24,34.2
5,1.3,25,19.5
4,4.4,26,66
2,9.3,27,139.5
4,10.08,28,151.2
1,2.28,29,34.2
3,4.4,30,66
3,8.55,31,128.25
3,9.3,32,139.5
3,3.54,33,53.1
3,3.54,34,53.1
3,5.45,35,81.75
3,6.32,36,94.8
3,2.28,37,34.2
2,1.3,38,19.5
4,4.4,39,66
4,9.3,40,139.5
3,10.08,41,151.2
3,2.28,42,34.2
3,4.4,43,66
3,8.55,44,128.25
4,9.3,45,139.5
3,3.54,46,53.1
3,5.45,47,81.75
5,6.32,48,94.8
3,2.28,49,34.2
4,1.3,50,19.5
2,4.4,51,66
3,9.3,52,139.5
4,10.08,53,151.2
4,2.28,54,34.2
3,4.4,55,66
2,8.55,56,128.25
3,9.3,57,139.5
4,3.54,58,53.1
3,5.45,59,81.75
3,6.32,60,94.8
3,2.28,61,34.2
3,1.3,62,19.5
3,4.4,63,66
3,9.3,64,139.5
2,10.08,65,151.2
1,2.28,66,34.2
4,4.4,67,66
3,8.55,68,128.25
4,9.3,69,139.5
3,3.54,70,53.1
3,3.54,71,53.1
4,5.45,72,81.75
4,6.32,73,94.8
4,2.28,74,34.2
2,1.3,75,19.5
3,4.4,76,66
4,9.3,77,139.5
3,10.08,78,151.2
2,2.28,79,34.2
4,4.4,80,66
3,8.55,81,128.25
3,9.3,82,139.5
3,3.54,83,53.1
3,5.45,84,81.75
2,6.32,85,94.8
4,2.28,86,34.2
4,1.3,87,19.5
3,4.4,88,66
3,9.3,89,139.5
3,10.08,90,151.2
3,2.28,20,34.2
4,4.4,21,66
3,8.55,22,128.25
3,9.3,23,139.5
5,3.54,24,53.1
3,5.45,25,81.75
4,6.32,26,94.8
2,2.28,27,34.2
3,1.3,28,19.5
4,4.4,29,66
4,9.3,30,139.5
3,10.08,31,151.2
2,2.28,32,34.2
3,4.4,33,66
4,8.55,34,128.25
3,9.3,35,139.5
3,3.54,36,53.1
3,3.54,37,53.1
3,5.45,38,81.75
3,6.32,39,94.8
3,2.28,40,34.2
2,1.3,41,19.5
1,4.4,42,66
4,9.3,43,139.5
3,10.08,44,151.2
4,2.28,45,34.2
3,4.4,46,66
3,8.55,47,128.25
4,9.3,48,139.5
4,3.54,49,53.1
4,5.45,50,81.75
2,6.32,51,94.8
3,2.28,52,34.2
4,1.3,53,19.5
3,4.4,54,66
2,9.3,55,139.5
4,10.08,56,151.2
3,2.28,57,34.2
1,4.4,58,66
2,8.55,59,128.25
3,9.3,60,139.5
4,3.54,61,53.1
5,5.45,62,81.75
4,6.32,63,94.8
2,2.28,64,34.2
4,1.3,65,19.5
1,4.4,66,66
3,9.3,67,139.5
2,10.08,68,151.2
3,2.28,69,34.2
4,4.4,70,66
5,8.55,71,128.25
4,9.3,72,139.5
2,3.54,73,53.1
4,3.54,74,53.1
1,5.45,75,81.75
3,6.32,76,94.8
3,2.28,77,34.2
3,1.3,78,19.5
3,4.4,79,66
3,9.3,80,139.5
3,10.08,81,151.2
3,2.28,82,34.2
3,4.4,83,66
2,8.55,84,128.25
4,9.3,85,139.5
4,3.54,86,53.1
3,5.45,87,81.75
3,6.32,88,94.8
3,2.28,89,34.2
3,1.3,90,19.5
4,4.4,20,66
3,9.3,21,139.5
3,10.08,22,151.2
5,2.28,23,34.2
3,4.4,24,66
4,8.55,25,128.25
2,9.3,26,139.5
3,3.54,27,53.1
4,5.45,28,81.75
4,6.32,29,94.8
3,2.28,30,34.2
2,1.3,31,19.5
3,4.4,32,66
4,9.3,33,139.5
3,10.08,34,151.2
3,2.28,35,34.2
3,4.4,36,66
3,8.55,37,128.25
3,9.3,38,139.5
3,3.54,39,53.1
2,3.54,40,53.1
1,5.45,41,81.75
4,6.32,42,94.8
3,2.28,43,34.2
4,1.3,44,19.5
3,4.4,45,66
3,9.3,46,139.5
4,10.08,47,151.2
4,2.28,48,34.2
4,4.4,49,66
2,8.55,50,128.25
3,9.3,51,139.5
4,3.54,52,53.1
3,5.45,53,81.75
2,6.32,54,94.8
4,2.28,55,34.2
3,1.3,56,19.5
3,4.4,57,66
3,9.3,58,139.5
3,10.08,59,151.2
2,2.28,60,34.2
4,4.4,61,66
4,8.55,62,128.25
3,9.3,63,139.5
3,3.54,64,53.1
3,5.45,65,81.75
3,6.32,66,94.8
4,2.28,67,34.2
3,1.3,68,19.5
3,4.4,69,66
5,9.3,70,139.5
3,10.08,71,151.2
4,2.28,72,34.2
2,4.4,73,66
3,8.55,74,128.25
4,9.3,75,139.5
4,3.54,76,53.1
3,3.54,77,53.1
2,5.45,78,81.75
3,6.32,79,94.8
4,2.28,80,34.2
3,1.3,81,19.5
3,4.4,82,66
3,9.3,83,139.5
3,10.08,84,151.2
3,2.28,85,34.2
3,4.4,86,66
2,8.55,87,128.25
1,9.3,88,139.5
4,3.54,89,53.1
3,5.45,90,81.75
4,6.32,20,94.8
3,2.28,21,34.2
3,1.3,22,19.5
4,4.4,23,66
4,9.3,24,139.5
4,10.08,25,151.2
2,2.28,26,34.2
3,4.4,27,66
4,8.55,28,128.25
3,9.3,29,139.5
2,3.54,30,53.1
4,5.45,31,81.75
3,6.32,32,94.8
1,2.28,33,34.2
2,1.3,34,19.5
3,4.4,35,66
4,9.3,36,139.5
5,10.08,37,151.2
4,2.28,38,34.2
2,4.4,39,66
4,8.55,40,128.25
1,9.3,41,139.5
3,3.54,42,53.1
2,3.54,43,53.1
3,5.45,44,81.75
4,6.32,45,94.8
5,2.28,46,34.2
4,1.3,47,19.5
2,4.4,48,66
4,9.3,49,139.5
1,10.08,50,151.2
3,2.28,51,34.2
3,4.4,52,66
3,8.55,53,128.25
3,9.3,54,139.5
3,3.54,55,53.1
3,5.45,56,81.75
3,6.32,57,94.8
3,2.28,58,34.2
2,1.3,59,19.5
4,4.4,60,66
4,9.3,61,139.5
3,10.08,62,151.2
3,2.28,63,34.2
3,4.4,64,66
3,8.55,65,128.25
4,9.3,66,139.5
3,3.54,67,53.1
3,5.45,68,81.75
5,6.32,69,94.8
3,2.28,70,34.2
4,1.3,71,19.5
2,4.4,72,66
3,9.3,73,139.5
4,10.08,74,151.2
4,2.28,75,34.2
3,4.4,76,66
2,8.55,77,128.25
3,9.3,78,139.5
4,3.54,79,53.1
3,3.54,80,53.1
3,5.45,81,81.75
3,6.32,82,94.8
3,2.28,83,34.2
3,1.3,84,19.5
3,4.4,85,66
2,9.3,86,139.5
1,10.08,87,151.2
4,2.28,88,34.2
3,4.4,89,66
4,8.55,90,128.25
3,9.3,20,139.5
3,3.54,21,53.1
4,5.45,22,81.75
4,6.32,23,94.8
4,2.28,24,34.2
2,1.3,25,19.5
3,4.4,26,66
4,9.3,27,139.5
3,10.08,28,151.2
2,2.28,29,34.2
4,4.4,30,66
3,8.55,31,128.25
3,9.3,32,139.5
3,3.54,33,53.1
3,5.45,34,81.75
2,6.32,35,94.8
4,2.28,36,34.2
4,1.3,37,19.5
3,4.4,38,66
3,9.3,39,139.5
3,10.08,40,151.2
3,2.28,41,34.2
4,4.4,42,66
3,8.55,43,128.25
3,9.3,44,139.5
5,3.54,45,53.1
3,3.54,46,53.1
4,5.45,47,81.75
2,6.32,48,94.8
3,2.28,49,34.2
4,1.3,50,19.5
4,4.4,51,66
3,9.3,52,139.5
2,10.08,53,151.2
3,2.28,54,34.2
4,4.4,55,66
3,8.55,56,128.25
3,9.3,57,139.5
3,3.54,58,53.1
3,5.45,59,81.75
3,6.32,60,94.8
3,2.28,61,34.2
2,1.3,62,19.5
1,4.4,63,66
4,9.3,64,139.5
3,10.08,65,151.2
4,2.28,66,34.2
3,4.4,67,66
3,8.55,68,128.25
4,9.3,69,139.5
4,3.54,70,53.1
4,5.45,71,81.75
2,6.32,72,94.8
3,2.28,73,34.2
4,1.3,74,19.5
3,4.4,75,66
2,9.3,76,139.5
4,10.08,77,151.2
3,2.28,78,34.2
1,4.4,79,66
2,8.55,80,128.25
1,9.3,81,139.5
2,3.54,82,53.1
3,3.54,83,53.1
4,5.45,84,81.75
5,6.32,85,94.8
4,2.28,86,34.2
2,1.3,87,19.5
4,4.4,88,66
1,9.3,89,139.5
3,10.08,90,151.2
2,2.28,20,34.2
3,4.4,21,66
4,8.55,22,128.25
5,9.3,23,139.5
4,3.54,24,53.1
2,5.45,25,81.75
4,6.32,26,94.8
1,2.28,27,34.2
3,1.3,28,19.5
3,4.4,29,66
3,9.3,30,139.5
3,10.08,31,151.2
3,2.28,32,34.2
3,4.4,33,66
3,8.55,34,128.25
3,9.3,35,139.5
2,3.54,36,53.1
4,5.45,37,81.75
4,6.32,38,94.8
3,2.28,39,34.2
3,1.3,40,19.5
3,4.4,41,66
3,9.3,42,139.5
4,10.08,43,151.2
3,2.28,44,34.2
3,4.4,45,66
5,8.55,46,128.25
3,9.3,47,139.5
4,3.54,48,53.1
2,3.54,49,53.1
3,5.45,50,81.75
4,6.32,51,94.8
4,2.28,52,34.2
3,1.3,53,19.5
2,4.4,54,66
3,9.3,55,139.5
4,10.08,56,151.2
3,2.28,57,34.2
3,4.4,58,66
3,8.55,59,128.25
3,9.3,60,139.5
3,3.54,61,53.1
3,5.45,62,81.75
2,6.32,63,94.8
1,2.28,64,34.2
4,1.3,65,19.5
3,4.4,66,66
4,9.3,67,139.5
3,10.08,68,151.2
3,2.28,69,34.2
4,4.4,70,66
4,8.55,71,128.25
4,9.3,72,139.5
2,3.54,73,53.1
3,5.45,74,81.75
4,6.32,75,94.8
3,2.28,76,34.2
2,1.3,77,19.5
4,4.4,78,66
3,9.3,79,139.5
3,10.08,80,151.2
3,2.28,81,34.2
3,4.4,82,66
2,8.55,83,128.25
4,9.3,84,139.5
4,3.54,85,53.1
3,3.54,86,53.1
3,5.45,87,81.75
3,6.32,88,94.8
3,2.28,89,34.2
4,1.3,90,19.5
3,4.4,20,66
3,9.3,21,139.5
5,10.08,22,151.2
3,2.28,23,34.2
4,4.4,24,66
2,8.55,25,128.25
3,9.3,26,139.5
4,3.54,27,53.1
4,5.45,28,81.75
3,6.32,29,94.8
2,2.28,30,34.2
3,1.3,31,19.5
4,4.4,32,66
3,9.3,33,139.5
3,10.08,34,151.2
3,2.28,35,34.2
3,4.4,36,66
3,8.55,37,128.25
3,9.3,38,139.5
2,3.54,39,53.1
1,5.45,40,81.75
4,6.32,41,94.8
3,2.28,42,34.2
4,1.3,43,19.5
3,4.4,44,66
3,9.3,45,139.5
4,10.08,46,151.2
4,2.28,47,34.2
4,4.4,48,66
2,8.55,49,128.25
3,9.3,50,139.5
4,3.54,51,53.1
3,3.54,52,53.1
2,5.45,53,81.75
4,6.32,54,94.8
3,2.28,55,34.2
1,1.3,56,19.5
2,4.4,57,66
3,9.3,58,139.5
4,10.08,59,151.2
5,2.28,60,34.2
4,4.4,61,66
2,8.55,62,128.25
4,9.3,63,139.5
1,3.54,64,53.1
3,5.45,65,81.75
2,6.32,66,94.8
3,2.28,67,34.2
4,1.3,68,19.5
5,4.4,69,66
4,9.3,70,139.5
2,10.08,71,151.2
4,2.28,72,34.2
1,4.4,73,66
3,8.55,74,128.25
3,9.3,75,139.5
3,3.54,76,53.1
3,5.45,77,81.75
3,6.32,78,94.8
3,2.28,79,34.2
3,1.3,80,19.5
3,4.4,81,66
2,9.3,82,139.5
4,10.08,83,151.2
4,2.28,84,34.2
3,4.4,85,66
3,8.55,86,128.25
3,9.3,87,139.5
3,3.54,88,53.1
4,3.54,89,53.1
3,5.45,90,81.75
3,6.32,20,94.8
5,2.28,21,34.2
3,1.3,22,19.5
4,4.4,23,66
2,9.3,24,139.5
3,10.08,25,151.2
4,2.28,26,34.2
4,4.4,27,66
3,8.55,28,128.25
2,9.3,29,139.5
3,3.54,30,53.1
4,5.45,31,81.75
3,6.32,32,94.8
3,2.28,33,34.2
3,1.3,34,19.5
3,4.4,35,66
3,9.3,36,139.5
3,10.08,37,151.2
2,2.28,38,34.2
1,4.4,39,66
4,8.55,40,128.25
3,9.3,41,139.5
4,3.54,42,53.1
3,5.45,43,81.75
3,6.32,44,94.8
4,2.28,45,34.2
4,1.3,46,19.5
4,4.4,47,66
2,9.3,48,139.5
3,10.08,49,151.2
4,2.28,50,34.2
3,4.4,51,66
2,8.55,52,128.25
4,9.3,53,139.5
3,3.54,54,53.1
3,3.54,55,53.1
3,5.45,56,81.75
3,6.32,57,94.8
2,2.28,58,34.2
4,1.3,59,19.5
4,4.4,60,66
3,9.3,61,139.5
3,10.08,62,151.2
3,2.28,63,34.2
3,4.4,64,66
4,8.55,65,128.25
3,9.3,66,139.5
3,3.54,67,53.1
5,5.45,68,81.75
3,6.32,69,94.8
4,2.28,70,34.2
2,1.3,71,19.5
3,4.4,72,66
4,9.3,73,139.5
4,10.08,74,151.2
3,2.28,75,34.2
2,4.4,76,66
3,8.55,77,128.25
4,9.3,78,139.5
3,3.54,79,53.1
3,5.45,80,81.75
3,6.32,81,94.8
3,2.28,82,34.2
3,1.3,83,19.5
3,4.4,84,66
2,9.3,85,139.5
1,10.08,86,151.2
4,2.28,87,34.2
3,4.4,88,66
4,8.55,89,128.25
3,9.3,90,139.5
3,3.54,20,53.1
4,3.54,21,53.1
4,5.45,22,81.75
4,6.32,23,94.8
2,2.28,24,34.2
3,1.3,25,19.5
4,4.4,26,66
3,9.3,27,139.5
2,10.08,28,151.2
4,2.28,29,34.2
3,4.4,30,66
1,8.55,31,128.25
2,9.3,32,139.5
3,3.54,33,53.1
4,5.45,34,81.75
5,6.32,35,94.8
4,2.28,36,34.2
2,1.3,37,19.5
4,4.4,38,66
1,9.3,39,139.5
3,10.08,40,151.2
2,2.28,41,34.2
3,4.4,42,66
4,8.55,43,128.25
5,9.3,44,139.5
4,3.54,45,53.1
2,5.45,46,81.75
4,6.32,47,94.8
1,2.28,48,34.2
3,1.3,49,19.5
3,4.4,50,66
3,9.3,51,139.5
3,10.08,52,151.2
3,2.28,53,34.2
3,4.4,54,66
3,8.55,55,128.25
3,9.3,56,139.5
2,3.54,57,53.1
4,3.54,58,53.1
4,5.45,59,81.75
3,6.32,60,94.8
3,2.28,61,34.2
3,1.3,62,19.5
3,4.4,63,66
4,9.3,64,139.5
3,10.08,65,151.2
3,2.28,66,34.2
5,4.4,67,66
3,8.55,68,128.25
4,9.3,69,139.5
2,3.54,70,53.1
3,5.45,71,81.75
4,6.32,72,94.8
4,2.28,73,34.2
3,1.3,74,19.5
2,4.4,75,66
3,9.3,76,139.5
4,10.08,77,151.2
3,2.28,78,34.2
3,4.4,79,66
3,8.55,80,128.25
3,9.3,81,139.5
3,3.54,82,53.1
3,5.45,83,81.75
2,6.32,84,94.8
1,2.28,85,34.2
4,1.3,86,19.5
3,4.4,87,66
4,9.3,88,139.5
3,10.08,89,151.2
3,2.28,90,34.2
4,4.4,20,66
4,8.55,21,128.25
4,9.3,22,139.5
2,3.54,23,53.1
3,3.54,24,53.1
4,5.45,25,81.75
3,6.32,26,94.8
2,2.28,27,34.2
4,1.3,28,19.5
3,4.4,29,66
3,9.3,30,139.5
3,10.08,31,151.2
3,2.28,32,34.2
2,4.4,33,66
4,8.55,34,128.25
4,9.3,35,139.5
3,3.54,36,53.1
3,5.45,37,81.75
3,6.32,38,94.8
3,2.28,39,34.2
4,1.3,40,19.5
3,4.4,41,66
3,9.3,42,139.5
5,10.08,43,151.2
3,2.28,44,34.2
4,4.4,45,66
2,8.55,46,128.25
3,9.3,47,139.5
4,3.54,48,53.1
4,5.45,49,81.75
3,6.32,50,94.8
2,2.28,51,34.2
3,1.3,52,19.5
4,4.4,53,66
3,9.3,54,139.5
3,10.08,55,151.2
3,2.28,56,34.2
3,4.4,57,66
3,8.55,58,128.25
3,9.3,59,139.5
2,3.54,60,53.1
1,3.54,61,53.1
4,5.45,62,81.75
3,6.32,63,94.8
4,2.28,64,34.2
3,1.3,65,19.5
3,4.4,66,66
4,9.3,67,139.5
4,10.08,68,151.2
4,2.28,69,34.2
2,4.4,70,66
3,8.55,71,128.25
4,9.3,72,139.5
3,3.54,73,53.1
2,5.45,74,81.75
4,6.32,75,94.8
3,2.28,76,34.2
1,1.3,77,19.5
2,4.4,78,66
1,9.3,79,139.5
2,10.08,80,151.2
3,2.28,81,34.2
4,4.4,82,66
5,8.55,83,128.25
4,9.3,84,139.5
2,3.54,85,53.1
4,5.45,86,81.75
1,6.32,87,94.8
3,2.28,88,34.2
2,1.3,89,19.5
3,4.4,90,66
4,9.3,20,139.5
5,10.08,21,151.2
4,2.28,22,34.2
2,4.4,23,66
4,8.55,24,128.25
1,9.3,25,139.5
3,3.54,26,53.1
3,3.54,27,53.1
3,5.45,28,81.75
3,6.32,29,94.8
3,2.28,30,34.2
3,1.3,31,19.5
3,4.4,32,66
3,9.3,33,139.5
2,10.08,34,151.2
4,2.28,35,34.2
4,4.4,36,66
3,8.55,37,128.25
3,9.3,38,139.5
3,3.54,39,53.1
3,5.45,40,81.75
4,6.32,41,94.8
3,2.28,42,34.2
3,1.3,43,19.5
5,4.4,44,66
3,9.3,45,139.5
4,10.08,46,151.2
2,2.28,47,34.2
3,4.4,48,66
4,8.55,49,128.25
4,9.3,50,139.5
3,3.54,51,53.1
2,5.45,52,81.75
3,6.32,53,94.8
4,2.28,54,34.2
3,1.3,55,19.5
3,4.4,56,66
3,9.3,57,139.5
3,10.08,58,151.2
3,2.28,59,34.2
3,4.4,60,66
2,8.55,61,128.25
1,9.3,62,139.5
4,3.54,63,53.1
3,3.54,64,53.1
4,5.45,65,81.75
3,6.32,66,94.8
3,2.28,67,34.2
4,1.3,68,19.5
4,4.4,69,66
4,9.3,70,139.5
2,10.08,71,151.2
3,2.28,72,34.2
4,4.4,73,66
3,8.55,74,128.25
2,9.3,75,139.5
4,3.54,76,53.1
3,5.45,77,81.75
3,6.32,78,94.8
3,2.28,79,34.2
3,1.3,80,19.5
2,4.4,81,66
4,9.3,82,139.5
4,10.08,83,151.2
3,2.28,84,34.2
3,4.4,85,66
3,8.55,86,128.25
3,9.3,87,139.5
4,3.54,88,53.1
3,5.45,89,81.75
3,6.32,90,94.8
5,2.28,20,34.2
3,1.3,21,19.5
4,4.4,22,66
2,9.3,23,139.5
3,10.08,24,151.2
4,2.28,25,34.2
4,4.4,26,66
3,8.55,27,128.25
2,9.3,28,139.5
3,3.54,29,53.1
4,3.54,30,53.1
3,5.45,31,81.75
3,6.32,32,94.8
3,2.28,33,34.2
3,1.3,34,19.5
3,4.4,35,66
3,9.3,36,139.5
2,10.08,37,151.2
1,2.28,38,34.2
4,4.4,39,66
3,8.55,40,128.25
4,9.3,41,139.5
3,3.54,42,53.1
3,5.45,43,81.75
4,6.32,44,94.8
4,2.28,45,34.2
4,1.3,46,19.5
2,4.4,47,66
3,9.3,48,139.5
4,10.08,49,151.2
3,2.28,50,34.2
2,4.4,51,66
4,8.55,52,128.25
3,9.3,53,139.5
1,3.54,54,53.1
2,5.45,55,81.75
3,6.32,56,94.8
4,2.28,57,34.2
5,1.3,58,19.5
4,4.4,59,66
2,9.3,60,139.5
4,10.08,61,151.2
1,2.28,62,34.2
3,4.4,63,66
2,8.55,64,128.25
3,9.3,65,139.5
4,3.54,66,53.1
5,3.54,67,53.1
4,5.45,68,81.75
2,6.32,69,94.8
4,2.28,70,34.2
1,1.3,71,19.5
3,4.4,72,66
3,9.3,73,139.5
3,10.08,74,151.2
3,2.28,75,34.2
3,4.4,76,66
3,8.55,77,128.25
3,9.3,78,139.5
3,3.54,79,53.1
2,5.45,80,81.75
4,6.32,81,94.8
4,2.28,82,34.2
3,1.3,83,19.5
3,4.4,84,66
3,9.3,85,139.5
3,10.08,86,151.2
4,2.28,87,34.2
3,4.4,88,66
3,8.55,89,128.25
5,9.3,90,139.5
3,3.54,20,53.1
4,5.45,21,81.75
2,6.32,22,94.8
3,2.28,23,34.2
4,1.3,24,19.5
4,4.4,25,66
3,9.3,26,139.5
2,10.08,27,151.2
3,2.28,28,34.2
4,4.4,29,66
3,8.55,30,128.25
3,9.3,31,139.5
3,3.54,32,53.1
3,3.54,33,53.1
3,5.45,34,81.75
3,6.32,35,94.8
2,2.28,36,34.2
1,1.3,37,19.5
4,4.4,38,66
3,9.3,39,139.5
4,10.08,40,151.2
3,2.28,41,34.2
3,4.4,42,66
4,8.55,43,128.25
4,9.3,44,139.5
4,3.54,45,53.1
2,5.45,46,81.75
3,6.32,47,94.8
4,2.28,48,34.2
3,1.3,49,19.5
2,4.4,50,66
4,9.3,51,139.5
3,10.08,52,151.2
3,2.28,53,34.2
3,4.4,54,66
3,8.55,55,128.25
2,9.3,56,139.5
4,3.54,57,53.1
4,5.45,58,81.75
3,6.32,59,94.8
3,2.28,60,34.2
3,1.3,61,19.5
3,4.4,62,66
4,9.3,63,139.5
3,10.08,64,151.2
3,2.28,65,34.2
5,4.4,66,66
3,8.55,67,128.25
4,9.3,68,139.5
2,3.54,69,53.1
3,3.54,70,53.1
4,5.45,71,81.75
4,6.32,72,94.8
3,2.28,73,34.2
2,1.3,74,19.5
3,4.4,75,66
4,9.3,76,139.5
3,10.08,77,151.2
3,2.28,78,34.2
3,4.4,79,66
3,8.55,80,128.25
3,9.3,81,139.5
3,3.54,82,53.1
2,5.45,83,81.75
1,6.32,84,94.8
4,2.28,85,34.2
3,1.3,86,19.5
4,4.4,87,66
3,9.3,88,139.5
3,10.08,89,151.2
4,2.28,90,34.2
4,4.4,20,66
4,8.55,21,128.25
2,9.3,22,139.5
3,3.54,23,53.1
4,5.45,24,81.75
3,6.32,25,94.8
2,2.28,26,34.2
4,1.3,27,19.5
3,4.4,28,66
1,9.3,29,139.5
2,10.08,30,151.2
3,2.28,31,34.2
4,4.4,32,66
5,8.55,33,128.25
4,9.3,34,139.5
2,3.54,35,53.1
4,3.54,36,53.1
1,5.45,37,81.75
3,6.32,38,94.8
2,2.28,39,34.2
3,1.3,40,19.5
4,4.4,41,66
5,9.3,42,139.5
4,10.08,43,151.2
2,2.28,44,34.2
4,4.4,45,66
1,8.55,46,128.25
3,9.3,47,139.5
3,3.54,48,53.1
3,5.45,49,81.75
3,6.32,50,94.8
3,2.28,51,34.2
3,1.3,52,19.5
3,4.4,53,66
3,9.3,54,139.5
2,10.08,55,151.2
4,2.28,56,34.2
4,4.4,57,66
3,8.55,58,128.25
3,9.3,59,139.5
3,3.54,60,53.1
3,5.45,61,81.75
4,6.32,62,94.8
3,2.28,63,34.2
3,1.3,64,19.5
5,4.4,65,66
3,9.3,66,139.5
4,10.08,67,151.2
2,2.28,68,34.2
3,4.4,69,66
4,8.55,70,128.25
4,9.3,71,139.5
3,3.54,72,53.1
2,3.54,73,53.1
3,5.45,74,81.75
4,6.32,75,94.8
3,2.28,76,34.2
3,1.3,77,19.5
3,4.4,78,66
3,9.3,79,139.5
3,10.08,80,151.2
3,2.28,81,34.2
2,4.4,82,66
1,8.55,83,128.25
4,9.3,84,139.5
3,3.54,85,53.1
4,5.45,86,81.75
3,6.32,87,94.8
3,2.28,88,34.2
4,1.3,89,19.5
4,4.4,90,66
4,9.3,20,139.5
2,10.08,21,151.2
3,2.28,22,34.2
4,4.4,23,66
3,8.55,24,128.25
2,9.3,25,139.5
4,3.54,26,53.1
3,5.45,27,81.75
3,6.32,28,94.8
3,2.28,29,34.2
3,1.3,30,19.5
2,4.4,31,66
4,9.3,32,139.5
4,10.08,33,151.2
3,2.28,34,34.2
3,4.4,35,66
3,8.55,36,128.25
3,9.3,37,139.5
4,3.54,38,53.1
3,3.54,39,53.1
3,5.45,40,81.75
5,6.32,41,94.8
3,2.28,42,34.2
4,1.3,43,19.5
2,4.4,44,66
3,9.3,45,139.5
4,10.08,46,151.2
4,2.28,47,34.2
3,4.4,48,66
2,8.55,49,128.25
3,9.3,50,139.5
4,3.54,51,53.1
3,5.45,52,81.75
3,6.32,53,94.8
3,2.28,54,34.2
3,1.3,55,19.5
3,4.4,56,66
3,9.3,57,139.5
2,10.08,58,151.2
1,2.28,59,34.2
4,4.4,60,66
3,8.55,61,128.25
4,9.3,62,139.5
3,3.54,63,53.1
3,5.45,64,81.75
4,6.32,65,94.8
4,2.28,66,34.2
4,1.3,67,19.5
2,4.4,68,66
3,9.3,69,139.5
4,10.08,70,151.2
3,2.28,71,34.2
2,4.4,72,66
4,8.55,73,128.25
3,9.3,74,139.5
1,3.54,75,53.1
2,3.54,76,53.1
1,5.45,77,81.75
2,6.32,78,94.8
3,2.28,79,34.2
4,1.3,80,19.5
5,4.4,81,66
4,9.3,82,139.5
2,10.08,83,151.2
4,2.28,84,34.2
1,4.4,85,66
3,8.55,86,128.25
2,9.3,87,139.5
3,3.54,88,53.1
4,5.45,89,81.75
5,6.32,90,94.8
4,2.28,20,34.2
2,1.3,21,19.5
4,4.4,22,66
1,9.3,23,139.5
3,10.08,24,151.2
3,2.28,25,34.2
3,4.4,26,66
3,8.55,27,128.25
3,9.3,28,139.5
3,3.54,29,53.1
3,5.45,30,81.75
3,6.32,31,94.8
2,2.28,32,34.2
4,1.3,33,19.5
4,4.4,34,66
3,9.3,35,139.5
3,10.08,36,151.2
3,2.28,37,34.2
3,4.4,38,66
4,8.55,39,128.25
3,9.3,40,139.5
3,3.54,41,53.1
5,3.54,42,53.1
3,5.45,43,81.75
4,6.32,44,94.8
2,2.28,45,34.2
3,1.3,46,19.5
4,4.4,47,66
4,9.3,48,139.5
3,10.08,49,151.2
2,2.28,50,34.2
3,4.4,51,66
4,8.55,52,128.25
3,9.3,53,139.5
3,3.54,54,53.1
3,5.45,55,81.75
3,6.32,56,94.8
3,2.28,57,34.2
3,1.3,58,19.5
2,4.4,59,66
1,9.3,60,139.5
4,10.08,61,151.2
3,2.28,62,34.2
4,4.4,63,66
3,8.55,64,128.25
3,9.3,65,139.5
4,3.54,66,53.1
4,5.45,67,81.75
4,6.32,68,94.8
2,2.28,69,34.2
3,1.3,70,19.5
4,4.4,71,66
3,9.3,72,139.5
2,10.08,73,151.2
4,2.28,74,34.2
3,4.4,75,66
3,8.55,76,128.25
3,9.3,77,139.5
3,3.54,78,53.1
2,3.54,79,53.1
4,5.45,80,81.75
4,6.32,81,94.8
3,2.28,82,34.2
3,1.3,83,19.5
3,4.4,84,66
3,9.3,85,139.5
4,10.08,86,151.2
3,2.28,87,34.2
3,4.4,88,66
5,8.55,89,128.25
3,9.3,90,139.5
4,3.54,20,53.1
2,5.45,21,81.75
3,6.32,22,94.8
4,2.28,23,34.2
4,1.3,24,19.5
3,4.4,25,66
2,9.3,26,139.5
3,10.08,27,151.2
4,2.28,28,34.2
3,4.4,29,66
3,8.55,30,128.25
3,9.3,31,139.5
3,3.54,32,53.1
3,5.45,33,81.75
3,6.32,34,94.8
2,2.28,35,34.2
1,1.3,36,19.5
4,4.4,37,66
3,9.3,38,139.5
4,10.08,39,151.2
3,2.28,40,34.2
3,4.4,41,66
4,8.55,42,128.25
4,9.3,43,139.5
4,3.54,44,53.1
2,3.54,45,53.1
3,5.45,46,81.75
4,6.32,47,94.8
3,2.28,48,34.2
2,1.3,49,19.5
4,4.4,50,66
3,9.3,51,139.5
1,10.08,52,151.2
2,2.28,53,34.2
3,4.4,54,66
4,8.55,55,128.25
5,9.3,56,139.5
4,3.54,57,53.1
2,5.45,58,81.75
4,6.32,59,94.8
1,2.28,60,34.2
3,1.3,61,19.5
2,4.4,62,66
3,9.3,63,139.5
4,10.08,64,151.2
5,2.28,65,34.2
4,4.4,66,66
2,8.55,67,128.25
4,9.3,68,139.5
1,3.54,69,53.1
3,5.45,70,81.75
3,6.32,71,94.8
3,2.28,72,34.2
3,1.3,73,19.5
3,4.4,74,66
3,9.3,75,139.5
3,10.08,76,151.2
3,2.28,77,34.2
2,4.4,78,66
4,8.55,79,128.25
4,9.3,80,139.5
3,3.54,81,53.1
3,3.54,82,53.1
3,5.45,83,81.75
3,6.32,84,94.8
4,2.28,85,34.2
3,1.3,86,19.5
3,4.4,87,66
5,9.3,88,139.5
3,10.08,89,151.2
4,2.28,90,34.2
2,4.4,20,66
3,8.55,21,128.25
4,9.3,22,139.5
4,3.54,23,53.1
3,5.45,24,81.75
2,6.32,25,94.8
3,2.28,26,34.2
4,1.3,27,19.5
3,4.4,28,66
3,9.3,29,139.5
3,10.08,30,151.2
3,2.28,31,34.2
3,4.4,32,66
3,8.55,33,128.25
2,9.3,34,139.5
1,3.54,35,53.1
4,5.45,36,81.75
3,6.32,37,94.8
4,2.28,38,34.2
3,1.3,39,19.5
3,4.4,40,66
4,9.3,41,139.5
4,10.08,42,151.2
4,2.28,43,34.2
2,4.4,44,66
3,8.55,45,128.25
4,9.3,46,139.5
3,3.54,47,53.1
2,3.54,48,53.1
4,5.45,49,81.75
3,6.32,50,94.8
3,2.28,51,34.2
3,1.3,52,19.5
3,4.4,53,66
2,9.3,54,139.5
4,10.08,55,151.2
4,2.28,56,34.2
3,4.4,57,66
3,8.55,58,128.25
3,9.3,59,139.5
3,3.54,60,53.1
4,5.45,61,81.75
3,6.32,62,94.8
3,2.28,63,34.2
5,1.3,64,19.5
3,4.4,65,66
4,9.3,66,139.5
2,10.08,67,151.2
3,2.28,68,34.2
4,4.4,69,66
4,8.55,70,128.25
3,9.3,71,139.5
2,3.54,72,53.1
3,5.45,73,81.75
4,6.32,74,94.8
3,2.28,75,34.2
3,1.3,76,19.5
3,4.4,77,66
3,9.3,78,139.5
3,10.08,79,151.2
3,2.28,80,34.2
2,4.4,81,66
1,8.55,82,128.25
4,9.3,83,139.5
3,3.54,84,53.1
4,3.54,85,53.1
3,5.45,86,81.75
3,6.32,87,94.8
4,2.28,88,34.2
4,1.3,89,19.5
4,4.4,90,66
2,9.3,20,139.5
3,10.08,21,151.2
4,2.28,22,34.2
3,4.4,23,66
2,8.55,24,128.25
4,9.3,25,139.5
3,3.54,26,53.1
1,5.45,27,81.75
2,6.32,28,94.8
3,2.28,29,34.2
4,1.3,30,19.5
5,4.4,31,66
4,9.3,32,139.5
2,10.08,33,151.2
4,2.28,34,34.2
1,4.4,35,66
3,8.55,36,128.25
2,9.3,37,139.5
3,3.54,38,53.1
4,5.45,39,81.75
5,6.32,40,94.8
4,2.28,41,34.2
2,1.3,42,19.5
4,4.4,43,66
1,9.3,44,139.5
3,10.08,45,151.2
3,2.28,46,34.2
3,4.4,47,66
3,8.55,48,128.25
3,9.3,49,139.5
3,3.54,50,53.1
3,3.54,51,53.1
3,5.45,52,81.75
2,6.32,53,94.8
4,2.28,54,34.2
4,1.3,55,19.5
3,4.4,56,66
3,9.3,57,139.5
3,10.08,58,151.2
3,2.28,59,34.2
4,4.4,60,66
3,8.55,61,128.25
3,9.3,62,139.5
5,3.54,63,53.1
3,5.45,64,81.75
4,6.32,65,94.8
2,2.28,66,34.2
3,1.3,67,19.5
4,4.4,68,66
4,9.3,69,139.5
3,10.08,70,151.2
2,2.28,71,34.2
3,4.4,72,66
4,8.55,73,128.25
3,9.3,74,139.5
3,3.54,75,53.1
3,5.45,76,81.75
3,6.32,77,94.8
3,2.28,78,34.2
3,1.3,79,19.5
2,4.4,80,66
1,9.3,81,139.5
4,10.08,82,151.2
3,2.28,83,34.2
4,4.4,84,66
3,8.55,85,128.25
3,9.3,86,139.5
4,3.54,87,53.1
4,3.54,88,53.1
4,5.45,89,81.75
2,6.32,90,94.8
3,2.28,20,34.2
4,1.3,21,19.5
3,4.4,22,66
2,9.3,23,139.5
4,10.08,24,151.2
3,2.28,25,34.2
3,4.4,26,66
3,8.55,27,128.25
3,9.3,28,139.5
2,3.54,29,53.1
4,5.45,30,81.75
4,6.32,31,94.8
3,2.28,32,34.2
3,1.3,33,19.5
3,4.4,34,66
3,9.3,35,139.5
4,10.08,36,151.2
3,2.28,37,34.2
3,4.4,38,66
5,8.55,39,128.25
3,9.3,40,139.5
4,3.54,41,53.1
2,5.45,42,81.75
3,6.32,43,94.8
4,2.28,44,34.2
4,1.3,45,19.5
3,4.4,46,66
2,9.3,47,139.5
3,10.08,48,151.2
4,2.28,49,34.2
3,4.4,50,66
3,8.55,51,128.25
3,9.3,52,139.5
3,3.54,53,53.1
3,3.54,54,53.1
3,5.45,55,81.75
2,6.32,56,94.8
1,2.28,57,34.2
4,1.3,58,19.5
3,4.4,59,66
4,9.3,60,139.5
3,10.08,61,151.2
3,2.28,62,34.2
4,4.4,63,66
4,8.55,64,128.25
4,9.3,65,139.5
2,3.54,66,53.1
3,5.45,67,81.75
4,6.32,68,94.8
3,2.28,69,34.2
2,1.3,70,19.5
4,4.4,71,66
3,9.3,72,139.5
1,10.08,73,151.2
2,2.28,74,34.2
1,4.4,75,66
2,8.55,76,128.25
3,9.3,77,139.5
4,3.54,78,53.1
5,5.45,79,81.75
4,6.32,80,94.8
2,2.28,81,34.2
4,1.3,82,19.5
1,4.4,83,66
3,9.3,84,139.5
2,10.08,85,151.2
3,2.28,86,34.2
4,4.4,87,66
5,8.55,88,128.25
4,9.3,89,139.5
2,3.54,90,53.1
4,3.54,20,53.1
1,5.45,21,81.75
3,6.32,22,94.8
3,2.28,23,34.2
3,1.3,24,19.5
3,4.4,25,66
3,9.3,26,139.5
3,10.08,27,151.2
3,2.28,28,34.2
3,4.4,29,66
2,8.55,30,128.25
4,9.3,31,139.5
4,3.54,32,53.1
3,5.45,33,81.75
3,6.32,34,94.8
3,2.28,35,34.2
3,1.3,36,19.5
4,4.4,37,66
3,9.3,38,139.5
3,10.08,39,151.2
5,2.28,40,34.2
3,4.4,41,66
4,8.55,42,128.25
2,9.3,43,139.5
3,3.54,44,53.1
4,5.45,45,81.75
4,6.32,46,94.8
3,2.28,47,34.2
2,1.3,48,19.5
3,4.4,49,66
4,9.3,50,139.5
3,10.08,51,151.2
3,2.28,52,34.2
3,4.4,53,66
3,8.55,54,128.25
3,9.3,55,139.5
3,3.54,56,53.1
2,3.54,57,53.1
1,5.45,58,81.75
4,6.32,59,94.8
3,2.28,60,34.2
4,1.3,61,19.5
3,4.4,62,66
3,9.3,63,139.5
4,10.08,64,151.2
4,2.28,65,34.2
4,4.4,66,66
2,8.55,67,128.25
3,9.3,68,139.5
4,3.54,69,53.1
3,5.45,70,81.75
2,6.32,71,94.8
4,2.28,72,34.2
3,1.3,73,19.5
3,4.4,74,66
3,9.3,75,139.5
3,10.08,76,151.2
2,2.28,77,34.2
4,4.4,78,66
4,8.55,79,128.25
3,9.3,80,139.5
3,3.54,81,53.1
3,5.45,82,81.75
3,6.32,83,94.8
4,2.28,84,34.2
3,1.3,85,19.5
3,4.4,86,66
5,9.3,87,139.5
3,10.08,88,151.2
4,2.28,89,34.2
2,4.4,90,66
3,8.55,20,128.25
4,9.3,21,139.5
4,3.54,22,53.1
3,3.54,23,53.1
2,5.45,24,81.75
3,6.32,25,94.8
4,2.28,26,34.2
3,1.3,27,19.5
3,4.4,28,66
3,9.3,29,139.5
3,10.08,30,151.2
3,2.28,31,34.2
3,4.4,32,66
2,8.55,33,128.25
1,9.3,34,139.5
4,3.54,35,53.1
3,5.45,36,81.75
4,6.32,37,94.8
3,2.28,38,34.2
3,1.3,39,19.5
4,4.4,40,66
4,9.3,41,139.5
4,10.08,42,151.2
2,2.28,43,34.2
3,4.4,44,66
4,8.55,45,128.25
3,9.3,46,139.5
2,3.54,47,53.1
4,5.45,48,81.75
3,6.32,49,94.8
1,2.28,50,34.2
2,1.3,51,19.5
3,4.4,52,66
4,9.3,53,139.5
5,10.08,54,151.2
4,2.28,55,34.2
2,4.4,56,66
4,8.55,57,128.25
1,9.3,58,139.5
3,3.54,59,53.1
2,3.54,60,53.1
3,5.45,61,81.75
4,6.32,62,94.8
5,2.28,63,34.2
4,1.3,64,19.5
2,4.4,65,66
4,9.3,66,139.5
1,10.08,67,151.2
3,2.28,68,34.2
3,4.4,69,66
3,8.55,70,128.25
3,9.3,71,139.5
3,3.54,72,53.1
3,5.45,73,81.75
3,6.32,74,94.8
3,2.28,75,34.2
2,1.3,76,19.5
4,4.4,77,66
4,9.3,78,139.5
3,10.08,79,151.2
3,2.28,80,34.2
3,4.4,81,66
3,8.55,82,128.25
4,9.3,83,139.5
3,3.54,84,53.1
3,5.45,85,81.75
5,6.32,86,94.8
3,2.28,87,34.2
4,1.3,88,19.5
2,4.4,89,66
3,9.3,90,139.5
4,10.08,20,151.2
4,2.28,21,34.2
3,4.4,22,66
2,8.55,23,128.25
3,9.3,24,139.5
4,3.54,25,53.1
3,3.54,26,53.1
3,5.45,27,81.75
3,6.32,28,94.8
3,2.28,29,34.2
3,1.3,30,19.5
3,4.4,31,66
2,3.006,32,45.09
1,5.486,33,82.29
4,6.256,34,93.84
3,2.417,35,36.255
4,1.578,36,23.67
3,4.008,37,60.12
3,9.065,38,135.975
4,10.345,39,155.175
4,2.417,40,36.255
4,4.008,41,60.12
2,8.341,42,125.115
3,9.065,43,135.975
4,3.006,44,45.09
3,3.006,45,45.09
2,5.486,46,82.29
4,6.256,47,93.84
3,2.417,48,36.255
3,1.578,49,23.67
3,4.008,50,60.12
3,9.065,51,135.975
2,10.345,52,155.175
4,2.417,53,36.255
4,4.008,54,60.12
3,8.341,55,125.115
3,9.065,56,135.975
3,3.006,57,45.09
3,5.486,58,82.29
4,6.256,59,93.84
3,2.417,60,36.255
3,1.578,61,23.67
5,4.008,62,60.12
3,9.065,63,135.975
4,10.345,64,155.175
2,2.417,65,36.255
3,4.008,66,60.12
4,8.341,67,125.115
4,9.065,68,135.975
3,3.006,69,45.09
2,5.486,70,82.29
3,6.256,71,93.84
4,2.417,72,36.255
3,1.578,73,23.67
3,4.008,74,60.12
3,9.065,75,135.975
3,10.345,76,155.175
3,2.417,77,36.255
3,4.008,78,60.12
2,8.341,79,125.115
1,9.065,80,135.975
4,3.006,81,45.09
3,3.006,82,45.09
4,5.486,83,82.29
3,6.256,84,93.84
3,2.417,85,36.255
4,1.578,86,23.67
4,4.008,87,60.12
4,9.065,88,135.975
2,10.345,89,155.175
3,2.417,90,36.255
4,4.008,20,60.12
3,8.341,21,125.115
2,9.065,22,135.975
4,3.006,23,45.09
3,5.486,24,82.29
1,6.256,25,93.84
2,2.417,26,36.255
3,1.578,27,23.67
4,4.008,28,60.12
5,9.065,29,135.975
4,10.345,30,155.175
2,2.417,31,36.255
4,4.008,32,60.12
1,8.341,33,125.115
3,9.065,34,135.975
2,3.006,35,45.09
3,5.486,36,82.29
4,6.256,37,93.84
5,2.417,38,36.255
4,1.578,39,23.67
2,4.008,40,60.12
4,9.065,41,135.975
1,10.345,42,155.175
3,2.417,43,36.255
3,4.008,44,60.12
3,8.341,45,125.115
3,9.065,46,135.975
3,3.006,47,45.09
3,3.006,48,45.09
3,5.486,49,82.29
3,6.256,50,93.84
2,2.417,51,36.255
4,1.578,52,23.67
4,4.008,53,60.12
3,9.065,54,135.975
3,10.345,55,155.175
3,2.417,56,36.255
3,4.008,57,60.12
4,8.341,58,125.115
3,9.065,59,135.975
3,3.006,60,45.09
5,5.486,61,82.29
3,6.256,62,93.84
4,2.417,63,36.255
2,1.578,64,23.67
3,4.008,65,60.12
4,9.065,66,135.975
4,10.345,67,155.175
3,2.417,68,36.255
2,4.008,69,60.12
3,8.341,70,125.115
4,9.065,71,135.975
3,3.006,72,45.09
3,5.486,73,82.29
3,6.256,74,93.84
3,2.417,75,36.255
3,1.578,76,23.67
3,4.008,77,60.12
2,9.065,78,135.975
1,10.345,79,155.175
4,2.417,80,36.255
3,4.008,81,60.12
4,8.341,82,125.115
3,9.065,83,135.975
3,3.006,84,45.09
4,3.006,85,45.09
4,5.486,86,82.29
4,6.256,87,93.84
2,2.417,88,36.255
3,1.578,89,23.67
4,4.008,90,60.12
3,9.065,20,135.975
2,10.345,21,155.175
4,2.417,22,36.255
3,4.008,23,60.12
3,8.341,24,125.115
3,9.065,25,135.975
3,3.006,26,45.09
2,5.486,27,82.29
4,6.256,28,93.84
4,2.417,29,36.255
3,1.578,30,23.67
3,4.008,31,60.12
3,9.065,32,135.975
3,10.345,33,155.175
4,2.417,34,36.255
3,4.008,35,60.12
3,8.341,36,125.115
5,9.065,37,135.975
3,3.006,38,45.09
4,5.486,39,82.29
2,6.256,40,93.84
3,2.417,41,36.255
4,1.578,42,23.67
4,4.008,43,60.12
3,9.065,44,135.975
2,10.345,45,155.175
3,2.417,46,36.255
4,4.008,47,60.12
3,8.341,48,125.115
3,9.065,49,135.975
3,3.006,50,45.09
3,3.006,51,45.09
3,5.486,52,82.29
3,6.256,53,93.84
2,2.417,54,36.255
1,1.578,55,23.67
4,4.008,56,60.12
3,9.065,57,135.975
4,10.345,58,155.175
3,2.417,59,36.255
3,4.008,60,60.12
4,8.341,61,125.115
4,9.065,62,135.975
4,3.006,63,45.09
2,5.486,64,82.29
3,6.256,65,93.84
4,2.417,66,36.255
3,1.578,67,23.67
2,4.008,68,60.12
4,9.065,69,135.975
3,10.345,70,155.175
1,2.417,71,36.255
2,4.008,72,60.12
1,8.341,73,125.115
2,9.065,74,135.975
3,3.006,75,45.09
4,5.486,76,82.29
5,6.256,77,93.84
4,2.417,78,36.255
2,1.578,79,23.67
4,4.008,80,60.12
1,9.065,81,135.975
3,10.345,82,155.175
2,2.417,83,36.255
3,4.008,84,60.12
4,8.341,85,125.115
5,9.065,86,135.975
4,3.006,87,45.09
2,3.006,88,45.09
4,5.486,89,82.29
1,6.256,90,93.84
3,2.417,20,36.255
3,1.578,21,23.67
3,4.008,22,60.12
3,9.065,23,135.975
3,10.345,24,155.175
3,2.417,25,36.255
3,4.008,26,60.12
3,8.341,27,125.115
2,9.065,28,135.975
4,3.006,29,45.09
4,5.486,30,82.29
3,6.256,31,93.84
3,2.417,32,36.255
3,1.578,33,23.67
3,4.008,34,60.12
4,9.065,35,135.975
3,10.345,36,155.175
3,2.417,37,36.255
5,4.008,38,60.12
3,8.341,39,125.115
4,9.065,40,135.975
2,3.006,41,45.09
3,5.486,42,82.29
4,6.256,43,93.84
4,2.417,44,36.255
3,1.578,45,23.67
2,4.008,46,60.12
3,9.065,47,135.975
4,10.345,48,155.175
3,2.417,49,36.255
3,4.008,50,60.12
3,8.341,51,125.115
3,9.065,52,135.975
3,3.006,53,45.09
3,3.006,54,45.09
2,5.486,55,82.29
1,6.256,56,93.84
4,2.417,57,36.255
3,1.578,58,23.67
4,4.008,59,60.12
3,9.065,60,135.975
3,10.345,61,155.175
4,2.417,62,36.255
4,4.008,63,60.12
4,8.341,64,125.115
2,9.065,65,135.975
3,3.006,66,45.09
4,5.486,67,82.29
3,6.256,68,93.84
2,2.417,69,36.255
4,1.578,70,23.67
3,4.008,71,60.12
3,9.065,72,135.975
3,10.345,73,155.175
3,2.417,74,36.255
2,4.008,75,60.12
4,8.341,76,125.115
4,9.065,77,135.975
3,3.006,78,45.09
3,5.486,79,82.29
3,6.256,80,93.84
3,2.417,81,36.255
4,1.578,82,23.67
3,4.008,83,60.12
3,9.065,84,135.975
5,10.345,85,155.175
3,2.417,86,36.255
4,4.008,87,60.12
2,8.341,88,125.115
3,9.065,89,135.975
4,3.006,90,45.09
4,3.006,20,45.09
3,5.486,21,82.29
2,6.256,22,93.84
3,2.417,23,36.255
4,1.578,24,23.67
3,4.008,25,60.12
3,9.065,26,135.975
3,10.345,27,155.175
3,2.417,28,36.255
3,4.008,29,60.12
3,8.341,30,125.115
2,9.065,31,135.975
1,3.006,32,45.09
4,5.486,33,82.29
3,6.256,34,93.84
4,2.417,35,36.255
3,1.578,36,23.67
3,4.008,37,60.12
4,9.065,38,135.975
4,10.345,39,155.175
4,2.417,40,36.255
2,4.008,41,60.12
3,8.341,42,125.115
4,9.065,43,135.975
3,3.006,44,45.09
2,5.486,45,82.29
4,6.256,46,93.84
3,2.417,47,36.255
1,1.578,48,23.67
2,4.008,49,60.12
3,9.065,50,135.975
4,10.345,51,155.175
5,2.417,52,36.255
4,4.008,53,60.12
2,8.341,54,125.115
4,9.065,55,135.975
1,3.006,56,45.09
3,3.006,57,45.09
2,5.486,58,82.29
3,6.256,59,93.84
4,2.417,60,36.255
5,1.578,61,23.67
4,4.008,62,60.12
2,9.065,63,135.975
4,10.345,64,155.175
1,2.417,65,36.255
3,4.008,66,60.12
3,8.341,67,125.115
3,9.065,68,135.975
3,3.006,69,45.09
3,5.486,70,82.29
3,6.256,71,93.84
3,2.417,72,36.255
3,1.578,73,23.67
2,4.008,74,23.67
4,9.065,75,60.12
4,10.345,76,135.975
3,2.417,77,155.175
3,4.008,78,36.255
3,8.341,79,60.12
3,9.065,80,125.115
4,3.006,81,135.975
3,5.486,82,45.09
3,6.256,83,82.29
5,2.417,84,93.84
3,1.578,85,36.255
4,4.008,86,23.67
2,9.065,87,60.12
3,10.345,88,135.975
4,2.417,89,155.175
4,4.008,90,36.255
3,8.341,20,60.12
2,9.065,21,125.115
3,3.006,22,135.975
4,3.006,23,45.09
3,5.486,24,45.09
3,6.256,25,82.29
3,2.417,26,93.84
3,1.578,27,36.255
3,4.008,28,23.67
3,9.065,29,60.12
2,10.345,30,135.975
1,2.417,31,155.175
4,4.008,32,36.255
3,8.341,33,60.12
4,9.065,34,125.115
3,3.006,35,135.975
3,5.486,36,45.09
4,6.256,37,82.29
4,2.417,38,93.84
4,1.578,39,36.255
2,4.008,40,23.67
3,9.065,41,60.12
4,10.345,42,135.975
3,2.417,43,155.175
2,4.008,44,36.255
4,8.341,45,60.12
3,9.065,46,125.115
3,3.006,47,135.975
3,5.486,48,45.09
3,6.256,49,82.29
2,2.417,50,93.84
4,1.578,51,36.255
4,4.008,52,23.67
3,9.065,53,60.12
3,10.345,54,135.975
3,2.417,55,155.175
3,4.008,56,36.255
4,8.341,57,60.12
3,9.065,58,125.115
3,3.006,59,135.975
5,3.006,60,45.09
3,5.486,61,45.09
4,6.256,62,82.29
2,2.417,63,93.84
3,1.578,64,36.255
4,4.008,65,23.67
4,9.065,66,60.12
3,10.345,67,135.975
2,2.417,68,155.175
3,4.008,69,36.255
4,8.341,70,60.12
3,9.065,71,125.115
3,3.006,72,135.975
3,5.486,73,45.09
3,6.256,74,82.29
3,2.417,75,93.84
3,1.578,76,36.255
2,4.008,77,23.67
1,9.065,78,60.12
4,10.345,79,135.975
3,2.417,80,155.175
4,4.008,81,36.255
3,8.341,82,60.12
3,9.065,83,125.115
4,3.006,84,135.975
4,5.486,85,45.09
4,6.256,86,82.29
2,2.417,87,93.84
3,1.578,88,36.255
4,4.008,89,23.67
3,9.065,90,60.12
2,10.345,20,135.975
4,2.417,21,155.175
3,4.008,22,36.255
1,8.341,23,60.12
2,9.065,24,125.115
3,3.006,25,135.975
4,3.006,26,45.09
5,5.486,27,45.09
4,6.256,28,82.29
2,2.417,29,93.84
4,1.578,30,36.255
1,4.008,31,23.67
3,9.065,32,60.12
2,10.345,33,135.975
3,2.417,34,155.175
4,4.008,35,36.255
5,8.341,36,60.12
4,9.065,37,125.115
2,3.006,38,135.975
4,5.486,39,45.09
1,6.256,40,82.29
3,2.417,41,93.84
3,1.578,42,36.255
3,4.008,43,23.67
3,9.065,44,60.12
3,10.345,45,135.975
3,2.417,46,155.175
3,4.008,47,36.255
3,8.341,48,60.12
2,9.065,49,125.115
4,3.006,50,135.975
4,5.486,51,45.09
3,6.256,52,82.29
3,2.417,53,93.84
3,1.578,54,36.255
3,4.008,55,23.67
4,9.065,56,60.12
3,10.345,57,135.975
3,2.417,58,155.175
5,4.008,59,36.255
3,8.341,60,60.12
4,9.065,61,125.115
2,3.006,62,135.975
3,3.006,63,45.09
4,5.486,64,45.09
4,6.256,65,82.29
3,2.417,66,93.84
2,1.578,67,36.255
3,4.008,68,23.67
4,9.065,69,60.12
3,10.345,70,135.975
3,2.417,71,155.175
3,4.008,72,36.255
3,8.341,73,60.12
3,9.065,74,125.115
3,3.006,75,135.975
2,5.486,76,45.09
1,6.256,77,82.29
4,2.417,78,93.84
3,1.578,79,36.255
4,4.008,80,23.67
3,9.065,81,60.12
3,10.345,82,135.975
4,2.417,83,155.175
4,4.008,84,36.255
4,8.341,85,60.12
2,9.065,86,125.115
3,3.006,87,135.975
4,5.486,88,45.09
3,6.256,89,82.29
2,2.417,90,93.84
4,1.578,20,36.255
3,4.008,21,23.67
3,9.065,22,60.12
3,10.345,23,135.975
3,2.417,24,155.175
2,4.008,25,36.255
4,8.341,26,60.12
4,9.065,27,125.115
3,3.006,28,135.975
3,3.006,29,45.09
3,5.486,30,45.09
3,6.256,31,82.29
4,2.417,32,93.84
3,1.578,33,36.255
3,4.008,34,23.67
5,9.065,35,60.12
3,10.345,36,135.975
4,2.417,37,155.175
2,4.008,38,36.255
3,8.341,39,60.12
4,9.065,40,125.115
4,3.006,41,155.175
3,5.486,42,36.255
2,6.256,43,60.12
3,2.417,44,125.115
4,1.578,45,135.975
3,4.008,46,45.09
3,9.065,47,82.29
3,10.345,48,93.84
3,2.417,49,36.255
3,4.008,50,23.67
3,8.341,51,60.12
2,9.065,52,135.975
1,3.006,53,155.175
4,5.486,54,36.255
3,6.256,55,60.12
4,2.417,56,125.115
3,1.578,57,135.975
3,4.008,58,45.09
4,9.065,59,82.29
4,10.345,60,93.84
4,2.417,61,36.255
2,4.008,62,23.67
3,8.341,63,60.12
4,9.065,64,135.975
3,3.006,65,155.175
2,3.006,66,45.09
4,5.486,67,45.09
3,6.256,68,82.29
1,2.417,69,93.84
2,1.578,70,36.255
1,4.008,71,23.67
2,9.065,72,60.12
3,10.345,73,135.975
4,2.417,74,155.175
5,4.008,75,36.255
4,8.341,76,60.12
2,9.065,77,135.975
4,3.006,78,45.09
1,5.486,79,82.29
3,6.256,80,93.84
2,2.417,81,36.255
3,1.578,82,23.67
4,4.008,83,60.12
5,9.065,84,135.975
4,10.345,85,155.175
2,2.417,86,36.255
4,4.008,87,60.12
1,8.341,88,125.115
3,9.065,89,135.975
3,3.006,90,45.09
3,5.486,20,82.29
3,6.256,21,93.84
3,2.417,22,36.255
3,1.578,23,23.67
3,4.008,24,60.12
3,9.065,25,135.975
2,10.345,26,155.175
4,2.417,27,36.255
4,4.008,28,60.12
3,8.341,29,125.115
3,9.065,30,135.975
3,3.006,31,45.09
3,3.006,32,45.09
4,5.486,33,82.29
3,6.256,34,93.84
3,2.417,35,36.255
5,1.578,36,23.67
3,4.008,37,60.12
4,9.065,38,135.975
2,10.345,39,155.175
3,2.417,40,36.255
4,4.008,41,60.12
4,8.341,42,125.115
3,9.065,43,135.975
2,3.006,44,45.09
3,5.486,45,82.29
4,6.256,46,93.84
3,2.417,47,36.255
3,1.578,48,23.67
3,4.008,49,60.12
3,9.065,50,135.975
3,10.345,51,155.175
3,2.417,52,36.255
2,4.008,53,60.12
1,8.341,54,125.115
4,9.065,55,135.975
3,3.006,56,45.09
4,5.486,57,82.29
3,6.256,58,93.84
3,2.417,59,36.255
4,1.578,60,23.67
4,4.008,61,60.12
4,9.065,62,135.975
2,10.345,63,155.175
3,2.417,64,36.255
4,4.008,65,60.12
3,8.341,66,125.115
2,9.065,67,135.975
4,3.006,68,45.09
3,3.006,69,45.09
3,5.486,70,82.29
3,6.256,71,93.84
3,2.417,72,36.255
2,1.578,73,23.67
4,4.008,74,60.12
4,9.065,75,135.975
3,10.345,76,155.175
3,2.417,77,36.255
3,4.008,78,60.12
3,8.341,79,125.115
4,9.065,80,135.975
3,3.006,81,45.09
3,5.486,82,82.29
5,6.256,83,93.84
3,2.417,84,36.255
4,1.578,85,23.67
2,4.008,86,60.12
3,9.065,87,135.975
4,10.345,88,155.175
4,2.417,89,36.255
3,4.008,90,60.12
2,8.341,20,125.115
3,9.065,21,135.975
4,3.006,22,45.09
3,5.486,23,82.29
3,6.256,24,93.84
3,2.417,25,36.255
3,1.578,26,23.67
3,4.008,27,60.12
3,9.065,28,135.975
2,10.345,29,155.175
1,2.417,30,155.175
4,4.008,31,36.255
3,8.341,32,60.12
4,9.065,33,125.115
3,3.006,34,135.975
3,3.006,35,45.09
4,5.486,36,82.29
4,6.256,37,93.84
4,2.417,38,36.255
2,1.578,39,23.67
3,4.008,40,60.12
4,9.065,41,135.975
3,10.345,42,155.175
2,2.417,43,36.255
4,4.008,44,60.12
3,8.341,45,125.115
1,9.065,46,135.975
2,3.006,47,45.09
3,5.486,48,82.29
4,6.256,49,93.84
5,2.417,50,36.255
4,1.578,51,23.67
2,4.008,52,60.12
4,9.065,53,135.975
1,10.345,54,155.175
3,2.417,55,36.255
2,4.008,56,60.12
3,8.341,57,125.115
4,9.065,58,135.975
5,3.006,59,45.09
4,5.486,60,82.29
2,6.256,61,93.84
4,2.417,62,36.255
